--
-- PostgreSQL database dump
--

\restrict jR85N1oeDsCi5Ni7hKDeZ5b9Auj5RwttHx39mOji2Dt1k7LFvfRT2NZBIXdd80b

-- Dumped from database version 16.10 (Debian 16.10-1.pgdg13+1)
-- Dumped by pg_dump version 16.10 (Debian 16.10-1.pgdg13+1)

SET statement_timeout = 0;
SET lock_timeout = 0;
SET idle_in_transaction_session_timeout = 0;
SET client_encoding = 'UTF8';
SET standard_conforming_strings = on;
SELECT pg_catalog.set_config('search_path', '', false);
SET check_function_bodies = false;
SET xmloption = content;
SET client_min_messages = warning;
SET row_security = off;

SET default_tablespace = '';

SET default_table_access_method = heap;

--
-- Name: auth_group; Type: TABLE; Schema: public; Owner: theprepared
--

CREATE TABLE public.auth_group (
    id integer NOT NULL,
    name character varying(150) NOT NULL
);


ALTER TABLE public.auth_group OWNER TO theprepared;

--
-- Name: auth_group_id_seq; Type: SEQUENCE; Schema: public; Owner: theprepared
--

ALTER TABLE public.auth_group ALTER COLUMN id ADD GENERATED BY DEFAULT AS IDENTITY (
    SEQUENCE NAME public.auth_group_id_seq
    START WITH 1
    INCREMENT BY 1
    NO MINVALUE
    NO MAXVALUE
    CACHE 1
);


--
-- Name: auth_group_permissions; Type: TABLE; Schema: public; Owner: theprepared
--

CREATE TABLE public.auth_group_permissions (
    id bigint NOT NULL,
    group_id integer NOT NULL,
    permission_id integer NOT NULL
);


ALTER TABLE public.auth_group_permissions OWNER TO theprepared;

--
-- Name: auth_group_permissions_id_seq; Type: SEQUENCE; Schema: public; Owner: theprepared
--

ALTER TABLE public.auth_group_permissions ALTER COLUMN id ADD GENERATED BY DEFAULT AS IDENTITY (
    SEQUENCE NAME public.auth_group_permissions_id_seq
    START WITH 1
    INCREMENT BY 1
    NO MINVALUE
    NO MAXVALUE
    CACHE 1
);


--
-- Name: auth_permission; Type: TABLE; Schema: public; Owner: theprepared
--

CREATE TABLE public.auth_permission (
    id integer NOT NULL,
    name character varying(255) NOT NULL,
    content_type_id integer NOT NULL,
    codename character varying(100) NOT NULL
);


ALTER TABLE public.auth_permission OWNER TO theprepared;

--
-- Name: auth_permission_id_seq; Type: SEQUENCE; Schema: public; Owner: theprepared
--

ALTER TABLE public.auth_permission ALTER COLUMN id ADD GENERATED BY DEFAULT AS IDENTITY (
    SEQUENCE NAME public.auth_permission_id_seq
    START WITH 1
    INCREMENT BY 1
    NO MINVALUE
    NO MAXVALUE
    CACHE 1
);


--
-- Name: auth_user; Type: TABLE; Schema: public; Owner: theprepared
--

CREATE TABLE public.auth_user (
    id integer NOT NULL,
    password character varying(128) NOT NULL,
    last_login timestamp with time zone,
    is_superuser boolean NOT NULL,
    username character varying(150) NOT NULL,
    first_name character varying(150) NOT NULL,
    last_name character varying(150) NOT NULL,
    email character varying(254) NOT NULL,
    is_staff boolean NOT NULL,
    is_active boolean NOT NULL,
    date_joined timestamp with time zone NOT NULL
);


ALTER TABLE public.auth_user OWNER TO theprepared;

--
-- Name: auth_user_groups; Type: TABLE; Schema: public; Owner: theprepared
--

CREATE TABLE public.auth_user_groups (
    id bigint NOT NULL,
    user_id integer NOT NULL,
    group_id integer NOT NULL
);


ALTER TABLE public.auth_user_groups OWNER TO theprepared;

--
-- Name: auth_user_groups_id_seq; Type: SEQUENCE; Schema: public; Owner: theprepared
--

ALTER TABLE public.auth_user_groups ALTER COLUMN id ADD GENERATED BY DEFAULT AS IDENTITY (
    SEQUENCE NAME public.auth_user_groups_id_seq
    START WITH 1
    INCREMENT BY 1
    NO MINVALUE
    NO MAXVALUE
    CACHE 1
);


--
-- Name: auth_user_id_seq; Type: SEQUENCE; Schema: public; Owner: theprepared
--

ALTER TABLE public.auth_user ALTER COLUMN id ADD GENERATED BY DEFAULT AS IDENTITY (
    SEQUENCE NAME public.auth_user_id_seq
    START WITH 1
    INCREMENT BY 1
    NO MINVALUE
    NO MAXVALUE
    CACHE 1
);


--
-- Name: auth_user_user_permissions; Type: TABLE; Schema: public; Owner: theprepared
--

CREATE TABLE public.auth_user_user_permissions (
    id bigint NOT NULL,
    user_id integer NOT NULL,
    permission_id integer NOT NULL
);


ALTER TABLE public.auth_user_user_permissions OWNER TO theprepared;

--
-- Name: auth_user_user_permissions_id_seq; Type: SEQUENCE; Schema: public; Owner: theprepared
--

ALTER TABLE public.auth_user_user_permissions ALTER COLUMN id ADD GENERATED BY DEFAULT AS IDENTITY (
    SEQUENCE NAME public.auth_user_user_permissions_id_seq
    START WITH 1
    INCREMENT BY 1
    NO MINVALUE
    NO MAXVALUE
    CACHE 1
);


--
-- Name: django_admin_log; Type: TABLE; Schema: public; Owner: theprepared
--

CREATE TABLE public.django_admin_log (
    id integer NOT NULL,
    action_time timestamp with time zone NOT NULL,
    object_id text,
    object_repr character varying(200) NOT NULL,
    action_flag smallint NOT NULL,
    change_message text NOT NULL,
    content_type_id integer,
    user_id integer NOT NULL,
    CONSTRAINT django_admin_log_action_flag_check CHECK ((action_flag >= 0))
);


ALTER TABLE public.django_admin_log OWNER TO theprepared;

--
-- Name: django_admin_log_id_seq; Type: SEQUENCE; Schema: public; Owner: theprepared
--

ALTER TABLE public.django_admin_log ALTER COLUMN id ADD GENERATED BY DEFAULT AS IDENTITY (
    SEQUENCE NAME public.django_admin_log_id_seq
    START WITH 1
    INCREMENT BY 1
    NO MINVALUE
    NO MAXVALUE
    CACHE 1
);


--
-- Name: django_celery_beat_clockedschedule; Type: TABLE; Schema: public; Owner: theprepared
--

CREATE TABLE public.django_celery_beat_clockedschedule (
    id integer NOT NULL,
    clocked_time timestamp with time zone NOT NULL
);


ALTER TABLE public.django_celery_beat_clockedschedule OWNER TO theprepared;

--
-- Name: django_celery_beat_clockedschedule_id_seq; Type: SEQUENCE; Schema: public; Owner: theprepared
--

ALTER TABLE public.django_celery_beat_clockedschedule ALTER COLUMN id ADD GENERATED BY DEFAULT AS IDENTITY (
    SEQUENCE NAME public.django_celery_beat_clockedschedule_id_seq
    START WITH 1
    INCREMENT BY 1
    NO MINVALUE
    NO MAXVALUE
    CACHE 1
);


--
-- Name: django_celery_beat_crontabschedule; Type: TABLE; Schema: public; Owner: theprepared
--

CREATE TABLE public.django_celery_beat_crontabschedule (
    id integer NOT NULL,
    minute character varying(240) NOT NULL,
    hour character varying(96) NOT NULL,
    day_of_week character varying(64) NOT NULL,
    day_of_month character varying(124) NOT NULL,
    month_of_year character varying(64) NOT NULL,
    timezone character varying(63) NOT NULL
);


ALTER TABLE public.django_celery_beat_crontabschedule OWNER TO theprepared;

--
-- Name: django_celery_beat_crontabschedule_id_seq; Type: SEQUENCE; Schema: public; Owner: theprepared
--

ALTER TABLE public.django_celery_beat_crontabschedule ALTER COLUMN id ADD GENERATED BY DEFAULT AS IDENTITY (
    SEQUENCE NAME public.django_celery_beat_crontabschedule_id_seq
    START WITH 1
    INCREMENT BY 1
    NO MINVALUE
    NO MAXVALUE
    CACHE 1
);


--
-- Name: django_celery_beat_intervalschedule; Type: TABLE; Schema: public; Owner: theprepared
--

CREATE TABLE public.django_celery_beat_intervalschedule (
    id integer NOT NULL,
    every integer NOT NULL,
    period character varying(24) NOT NULL
);


ALTER TABLE public.django_celery_beat_intervalschedule OWNER TO theprepared;

--
-- Name: django_celery_beat_intervalschedule_id_seq; Type: SEQUENCE; Schema: public; Owner: theprepared
--

ALTER TABLE public.django_celery_beat_intervalschedule ALTER COLUMN id ADD GENERATED BY DEFAULT AS IDENTITY (
    SEQUENCE NAME public.django_celery_beat_intervalschedule_id_seq
    START WITH 1
    INCREMENT BY 1
    NO MINVALUE
    NO MAXVALUE
    CACHE 1
);


--
-- Name: django_celery_beat_periodictask; Type: TABLE; Schema: public; Owner: theprepared
--

CREATE TABLE public.django_celery_beat_periodictask (
    id integer NOT NULL,
    name character varying(200) NOT NULL,
    task character varying(200) NOT NULL,
    args text NOT NULL,
    kwargs text NOT NULL,
    queue character varying(200),
    exchange character varying(200),
    routing_key character varying(200),
    expires timestamp with time zone,
    enabled boolean NOT NULL,
    last_run_at timestamp with time zone,
    total_run_count integer NOT NULL,
    date_changed timestamp with time zone NOT NULL,
    description text NOT NULL,
    crontab_id integer,
    interval_id integer,
    solar_id integer,
    one_off boolean NOT NULL,
    start_time timestamp with time zone,
    priority integer,
    headers text NOT NULL,
    clocked_id integer,
    expire_seconds integer,
    CONSTRAINT django_celery_beat_periodictask_expire_seconds_check CHECK ((expire_seconds >= 0)),
    CONSTRAINT django_celery_beat_periodictask_priority_check CHECK ((priority >= 0)),
    CONSTRAINT django_celery_beat_periodictask_total_run_count_check CHECK ((total_run_count >= 0))
);


ALTER TABLE public.django_celery_beat_periodictask OWNER TO theprepared;

--
-- Name: django_celery_beat_periodictask_id_seq; Type: SEQUENCE; Schema: public; Owner: theprepared
--

ALTER TABLE public.django_celery_beat_periodictask ALTER COLUMN id ADD GENERATED BY DEFAULT AS IDENTITY (
    SEQUENCE NAME public.django_celery_beat_periodictask_id_seq
    START WITH 1
    INCREMENT BY 1
    NO MINVALUE
    NO MAXVALUE
    CACHE 1
);


--
-- Name: django_celery_beat_periodictasks; Type: TABLE; Schema: public; Owner: theprepared
--

CREATE TABLE public.django_celery_beat_periodictasks (
    ident smallint NOT NULL,
    last_update timestamp with time zone NOT NULL
);


ALTER TABLE public.django_celery_beat_periodictasks OWNER TO theprepared;

--
-- Name: django_celery_beat_solarschedule; Type: TABLE; Schema: public; Owner: theprepared
--

CREATE TABLE public.django_celery_beat_solarschedule (
    id integer NOT NULL,
    event character varying(24) NOT NULL,
    latitude numeric(9,6) NOT NULL,
    longitude numeric(9,6) NOT NULL
);


ALTER TABLE public.django_celery_beat_solarschedule OWNER TO theprepared;

--
-- Name: django_celery_beat_solarschedule_id_seq; Type: SEQUENCE; Schema: public; Owner: theprepared
--

ALTER TABLE public.django_celery_beat_solarschedule ALTER COLUMN id ADD GENERATED BY DEFAULT AS IDENTITY (
    SEQUENCE NAME public.django_celery_beat_solarschedule_id_seq
    START WITH 1
    INCREMENT BY 1
    NO MINVALUE
    NO MAXVALUE
    CACHE 1
);


--
-- Name: django_content_type; Type: TABLE; Schema: public; Owner: theprepared
--

CREATE TABLE public.django_content_type (
    id integer NOT NULL,
    app_label character varying(100) NOT NULL,
    model character varying(100) NOT NULL
);


ALTER TABLE public.django_content_type OWNER TO theprepared;

--
-- Name: django_content_type_id_seq; Type: SEQUENCE; Schema: public; Owner: theprepared
--

ALTER TABLE public.django_content_type ALTER COLUMN id ADD GENERATED BY DEFAULT AS IDENTITY (
    SEQUENCE NAME public.django_content_type_id_seq
    START WITH 1
    INCREMENT BY 1
    NO MINVALUE
    NO MAXVALUE
    CACHE 1
);


--
-- Name: django_migrations; Type: TABLE; Schema: public; Owner: theprepared
--

CREATE TABLE public.django_migrations (
    id bigint NOT NULL,
    app character varying(255) NOT NULL,
    name character varying(255) NOT NULL,
    applied timestamp with time zone NOT NULL
);


ALTER TABLE public.django_migrations OWNER TO theprepared;

--
-- Name: django_migrations_id_seq; Type: SEQUENCE; Schema: public; Owner: theprepared
--

ALTER TABLE public.django_migrations ALTER COLUMN id ADD GENERATED BY DEFAULT AS IDENTITY (
    SEQUENCE NAME public.django_migrations_id_seq
    START WITH 1
    INCREMENT BY 1
    NO MINVALUE
    NO MAXVALUE
    CACHE 1
);


--
-- Name: django_session; Type: TABLE; Schema: public; Owner: theprepared
--

CREATE TABLE public.django_session (
    session_key character varying(40) NOT NULL,
    session_data text NOT NULL,
    expire_date timestamp with time zone NOT NULL
);


ALTER TABLE public.django_session OWNER TO theprepared;

--
-- Name: strategy_engine_historicalprice; Type: TABLE; Schema: public; Owner: theprepared
--

CREATE TABLE public.strategy_engine_historicalprice (
    id bigint NOT NULL,
    symbol character varying(20) NOT NULL,
    date date NOT NULL,
    open_price numeric(12,2) NOT NULL,
    high_price numeric(12,2) NOT NULL,
    low_price numeric(12,2) NOT NULL,
    close_price numeric(12,2) NOT NULL,
    volume bigint NOT NULL
);


ALTER TABLE public.strategy_engine_historicalprice OWNER TO theprepared;

--
-- Name: strategy_engine_historicalprice_id_seq; Type: SEQUENCE; Schema: public; Owner: theprepared
--

ALTER TABLE public.strategy_engine_historicalprice ALTER COLUMN id ADD GENERATED BY DEFAULT AS IDENTITY (
    SEQUENCE NAME public.strategy_engine_historicalprice_id_seq
    START WITH 1
    INCREMENT BY 1
    NO MINVALUE
    NO MAXVALUE
    CACHE 1
);


--
-- Name: trading_analyzedstock; Type: TABLE; Schema: public; Owner: theprepared
--

CREATE TABLE public.trading_analyzedstock (
    id bigint NOT NULL,
    symbol character varying(20) NOT NULL,
    stock_name character varying(100) NOT NULL,
    is_investable boolean NOT NULL,
    investment_horizon character varying(5) NOT NULL,
    analysis_date date NOT NULL,
    last_price numeric(15,2) NOT NULL,
    raw_analysis_data jsonb NOT NULL
);


ALTER TABLE public.trading_analyzedstock OWNER TO theprepared;

--
-- Name: trading_analyzedstock_id_seq; Type: SEQUENCE; Schema: public; Owner: theprepared
--

ALTER TABLE public.trading_analyzedstock ALTER COLUMN id ADD GENERATED BY DEFAULT AS IDENTITY (
    SEQUENCE NAME public.trading_analyzedstock_id_seq
    START WITH 1
    INCREMENT BY 1
    NO MINVALUE
    NO MAXVALUE
    CACHE 1
);


--
-- Name: trading_historicalpricedata; Type: TABLE; Schema: public; Owner: theprepared
--

CREATE TABLE public.trading_historicalpricedata (
    id bigint NOT NULL,
    symbol character varying(20) NOT NULL,
    date date NOT NULL,
    open_price numeric(15,2) NOT NULL,
    high_price numeric(15,2) NOT NULL,
    low_price numeric(15,2) NOT NULL,
    close_price numeric(15,2) NOT NULL,
    volume bigint NOT NULL
);


ALTER TABLE public.trading_historicalpricedata OWNER TO theprepared;

--
-- Name: trading_historicalpricedata_id_seq; Type: SEQUENCE; Schema: public; Owner: theprepared
--

ALTER TABLE public.trading_historicalpricedata ALTER COLUMN id ADD GENERATED BY DEFAULT AS IDENTITY (
    SEQUENCE NAME public.trading_historicalpricedata_id_seq
    START WITH 1
    INCREMENT BY 1
    NO MINVALUE
    NO MAXVALUE
    CACHE 1
);


--
-- Name: trading_portfolio; Type: TABLE; Schema: public; Owner: theprepared
--

CREATE TABLE public.trading_portfolio (
    id bigint NOT NULL,
    symbol character varying(20) NOT NULL,
    stock_name character varying(100) NOT NULL,
    quantity integer NOT NULL,
    average_buy_price numeric(15,2) NOT NULL,
    stop_loss_price numeric(15,2) NOT NULL,
    target_price numeric(15,2) NOT NULL,
    is_open boolean NOT NULL,
    created_at timestamp with time zone NOT NULL,
    updated_at timestamp with time zone NOT NULL,
    account_id bigint NOT NULL,
    entry_log_id bigint,
    CONSTRAINT trading_portfolio_quantity_check CHECK ((quantity >= 0))
);


ALTER TABLE public.trading_portfolio OWNER TO theprepared;

--
-- Name: trading_portfolio_id_seq; Type: SEQUENCE; Schema: public; Owner: theprepared
--

ALTER TABLE public.trading_portfolio ALTER COLUMN id ADD GENERATED BY DEFAULT AS IDENTITY (
    SEQUENCE NAME public.trading_portfolio_id_seq
    START WITH 1
    INCREMENT BY 1
    NO MINVALUE
    NO MAXVALUE
    CACHE 1
);


--
-- Name: trading_strategysettings; Type: TABLE; Schema: public; Owner: theprepared
--

CREATE TABLE public.trading_strategysettings (
    id bigint NOT NULL,
    short_term_allocation numeric(5,2) NOT NULL,
    mid_term_allocation numeric(5,2) NOT NULL,
    long_term_allocation numeric(5,2) NOT NULL,
    updated_at timestamp with time zone NOT NULL
);


ALTER TABLE public.trading_strategysettings OWNER TO theprepared;

--
-- Name: trading_strategysettings_id_seq; Type: SEQUENCE; Schema: public; Owner: theprepared
--

ALTER TABLE public.trading_strategysettings ALTER COLUMN id ADD GENERATED BY DEFAULT AS IDENTITY (
    SEQUENCE NAME public.trading_strategysettings_id_seq
    START WITH 1
    INCREMENT BY 1
    NO MINVALUE
    NO MAXVALUE
    CACHE 1
);


--
-- Name: trading_tradelog; Type: TABLE; Schema: public; Owner: theprepared
--

CREATE TABLE public.trading_tradelog (
    id bigint NOT NULL,
    symbol character varying(20) NOT NULL,
    order_id character varying(100) NOT NULL,
    trade_type character varying(4) NOT NULL,
    quantity integer NOT NULL,
    price numeric(15,2) NOT NULL,
    status character varying(10) NOT NULL,
    "timestamp" timestamp with time zone NOT NULL,
    log_message text NOT NULL,
    account_id bigint NOT NULL,
    CONSTRAINT trading_tradelog_quantity_check CHECK ((quantity >= 0))
);


ALTER TABLE public.trading_tradelog OWNER TO theprepared;

--
-- Name: trading_tradelog_id_seq; Type: SEQUENCE; Schema: public; Owner: theprepared
--

ALTER TABLE public.trading_tradelog ALTER COLUMN id ADD GENERATED BY DEFAULT AS IDENTITY (
    SEQUENCE NAME public.trading_tradelog_id_seq
    START WITH 1
    INCREMENT BY 1
    NO MINVALUE
    NO MAXVALUE
    CACHE 1
);


--
-- Name: trading_tradingaccount; Type: TABLE; Schema: public; Owner: theprepared
--

CREATE TABLE public.trading_tradingaccount (
    id bigint NOT NULL,
    account_name character varying(100) NOT NULL,
    account_number character varying(20) NOT NULL,
    account_type character varying(4) NOT NULL,
    brokerage character varying(50) NOT NULL,
    app_key character varying(255) NOT NULL,
    app_secret character varying(255) NOT NULL,
    is_active boolean NOT NULL,
    created_at timestamp with time zone NOT NULL,
    updated_at timestamp with time zone NOT NULL,
    user_id integer NOT NULL
);


ALTER TABLE public.trading_tradingaccount OWNER TO theprepared;

--
-- Name: trading_tradingaccount_id_seq; Type: SEQUENCE; Schema: public; Owner: theprepared
--

ALTER TABLE public.trading_tradingaccount ALTER COLUMN id ADD GENERATED BY DEFAULT AS IDENTITY (
    SEQUENCE NAME public.trading_tradingaccount_id_seq
    START WITH 1
    INCREMENT BY 1
    NO MINVALUE
    NO MAXVALUE
    CACHE 1
);


--
-- Data for Name: auth_group; Type: TABLE DATA; Schema: public; Owner: theprepared
--

COPY public.auth_group (id, name) FROM stdin;
\.


--
-- Data for Name: auth_group_permissions; Type: TABLE DATA; Schema: public; Owner: theprepared
--

COPY public.auth_group_permissions (id, group_id, permission_id) FROM stdin;
\.


--
-- Data for Name: auth_permission; Type: TABLE DATA; Schema: public; Owner: theprepared
--

COPY public.auth_permission (id, name, content_type_id, codename) FROM stdin;
1	Can add log entry	1	add_logentry
2	Can change log entry	1	change_logentry
3	Can delete log entry	1	delete_logentry
4	Can view log entry	1	view_logentry
5	Can add permission	2	add_permission
6	Can change permission	2	change_permission
7	Can delete permission	2	delete_permission
8	Can view permission	2	view_permission
9	Can add group	3	add_group
10	Can change group	3	change_group
11	Can delete group	3	delete_group
12	Can view group	3	view_group
13	Can add user	4	add_user
14	Can change user	4	change_user
15	Can delete user	4	delete_user
16	Can view user	4	view_user
17	Can add content type	5	add_contenttype
18	Can change content type	5	change_contenttype
19	Can delete content type	5	delete_contenttype
20	Can view content type	5	view_contenttype
21	Can add session	6	add_session
22	Can change session	6	change_session
23	Can delete session	6	delete_session
24	Can view session	6	view_session
25	Can add strategy	7	add_strategy
26	Can change strategy	7	change_strategy
27	Can delete strategy	7	delete_strategy
28	Can view strategy	7	view_strategy
29	Can add trading account	8	add_tradingaccount
30	Can change trading account	8	change_tradingaccount
31	Can delete trading account	8	delete_tradingaccount
32	Can view trading account	8	view_tradingaccount
33	Can add trade log	9	add_tradelog
34	Can change trade log	9	change_tradelog
35	Can delete trade log	9	delete_tradelog
36	Can view trade log	9	view_tradelog
37	Can add account strategy	10	add_accountstrategy
38	Can change account strategy	10	change_accountstrategy
39	Can delete account strategy	10	delete_accountstrategy
40	Can view account strategy	10	view_accountstrategy
41	Can add crontab	11	add_crontabschedule
42	Can change crontab	11	change_crontabschedule
43	Can delete crontab	11	delete_crontabschedule
44	Can view crontab	11	view_crontabschedule
45	Can add interval	12	add_intervalschedule
46	Can change interval	12	change_intervalschedule
47	Can delete interval	12	delete_intervalschedule
48	Can view interval	12	view_intervalschedule
49	Can add periodic task	13	add_periodictask
50	Can change periodic task	13	change_periodictask
51	Can delete periodic task	13	delete_periodictask
52	Can view periodic task	13	view_periodictask
53	Can add periodic task track	14	add_periodictasks
54	Can change periodic task track	14	change_periodictasks
55	Can delete periodic task track	14	delete_periodictasks
56	Can view periodic task track	14	view_periodictasks
57	Can add solar event	15	add_solarschedule
58	Can change solar event	15	change_solarschedule
59	Can delete solar event	15	delete_solarschedule
60	Can view solar event	15	view_solarschedule
61	Can add clocked	16	add_clockedschedule
62	Can change clocked	16	change_clockedschedule
63	Can delete clocked	16	delete_clockedschedule
64	Can view clocked	16	view_clockedschedule
65	Can add analyzed stock	17	add_analyzedstock
66	Can change analyzed stock	17	change_analyzedstock
67	Can delete analyzed stock	17	delete_analyzedstock
68	Can view analyzed stock	17	view_analyzedstock
69	Can add portfolio	18	add_portfolio
70	Can change portfolio	18	change_portfolio
71	Can delete portfolio	18	delete_portfolio
72	Can view portfolio	18	view_portfolio
73	Can add AI 전략 설정	19	add_strategysettings
74	Can change AI 전략 설정	19	change_strategysettings
75	Can delete AI 전략 설정	19	delete_strategysettings
76	Can view AI 전략 설정	19	view_strategysettings
77	Can add Historical Price Data	20	add_historicalpricedata
78	Can change Historical Price Data	20	change_historicalpricedata
79	Can delete Historical Price Data	20	delete_historicalpricedata
80	Can view Historical Price Data	20	view_historicalpricedata
81	Can add 과거 시세 데이터	21	add_historicalprice
82	Can change 과거 시세 데이터	21	change_historicalprice
83	Can delete 과거 시세 데이터	21	delete_historicalprice
84	Can view 과거 시세 데이터	21	view_historicalprice
\.


--
-- Data for Name: auth_user; Type: TABLE DATA; Schema: public; Owner: theprepared
--

COPY public.auth_user (id, password, last_login, is_superuser, username, first_name, last_name, email, is_staff, is_active, date_joined) FROM stdin;
2	pbkdf2_sha256$1000000$WmF8rEdsFxkEuiiCaMwWkU$fb1KVDJ1LlT/s7Nbif6gk7CEZJE/iII/+30DDkI38/Y=	\N	t	testuser			test@example.com	t	t	2025-09-15 15:31:08.520657+00
1	pbkdf2_sha256$1000000$hdVv2BJSaiPKsoIpM7rW0P$5zzY6a09O6rqiJTXIFrkAq2CvWuctX/X4Z7Cks1+/U0=	2025-09-26 00:25:27.248041+00	t	theprepared			soyjefu@gmail.com	t	t	2025-09-07 05:23:22.817837+00
\.


--
-- Data for Name: auth_user_groups; Type: TABLE DATA; Schema: public; Owner: theprepared
--

COPY public.auth_user_groups (id, user_id, group_id) FROM stdin;
\.


--
-- Data for Name: auth_user_user_permissions; Type: TABLE DATA; Schema: public; Owner: theprepared
--

COPY public.auth_user_user_permissions (id, user_id, permission_id) FROM stdin;
\.


--
-- Data for Name: django_admin_log; Type: TABLE DATA; Schema: public; Owner: theprepared
--

COPY public.django_admin_log (id, action_time, object_id, object_repr, action_flag, change_message, content_type_id, user_id) FROM stdin;
1	2025-09-07 05:30:20.657295+00	1	theprepared - 모의투자 (모의투자)	1	[{"added": {}}]	8	1
2	2025-09-07 05:48:16.719063+00	1	theprepared - 일반 증권 (실전투자)	2	[{"changed": {"fields": ["Account name", "Account type"]}}]	8	1
3	2025-09-07 05:59:29.30223+00	1	theprepared - 일반 증권 (실전투자)	2	[{"changed": {"fields": ["App key", "App secret"]}}]	8	1
4	2025-09-07 06:00:49.863934+00	2	theprepared - ISA (실전투자)	1	[{"added": {}}]	8	1
5	2025-09-07 06:05:25.920113+00	1	theprepared - 일반 증권 (실전투자)	2	[{"changed": {"fields": ["App key", "App secret"]}}]	8	1
6	2025-09-07 06:05:49.636769+00	2	theprepared - ISA (실전투자)	2	[]	8	1
7	2025-09-07 06:06:32.351182+00	3	theprepared - 모의투자 (모의투자)	1	[{"added": {}}]	8	1
8	2025-09-07 16:00:14.755036+00	1	golden_cross	1	[{"added": {}}]	7	1
9	2025-09-07 16:23:46.695113+00	1	모의투자 - golden_cross	1	[{"added": {}}]	10	1
10	2025-09-11 02:45:03.334395+00	2	ai_strategy	1	[{"added": {}}]	7	1
11	2025-09-11 02:46:34.160457+00	2	모의투자 - ai_strategy	1	[{"added": {}}]	10	1
12	2025-09-12 00:58:25.199112+00	2	theprepared - ISA (실전투자)	2	[]	8	1
13	2025-09-12 00:58:54.067477+00	1	theprepared - 일반 증권 (실전투자)	2	[]	8	1
14	2025-09-12 00:59:14.314231+00	3	theprepared - 모의투자 (모의투자)	2	[]	8	1
\.


--
-- Data for Name: django_celery_beat_clockedschedule; Type: TABLE DATA; Schema: public; Owner: theprepared
--

COPY public.django_celery_beat_clockedschedule (id, clocked_time) FROM stdin;
\.


--
-- Data for Name: django_celery_beat_crontabschedule; Type: TABLE DATA; Schema: public; Owner: theprepared
--

COPY public.django_celery_beat_crontabschedule (id, minute, hour, day_of_week, day_of_month, month_of_year, timezone) FROM stdin;
3	0	8	1-5	*	*	Asia/Seoul
1	0	4	*	*	*	Asia/Seoul
7	50	8	mon	*	*	Asia/Seoul
2	5	9	1-5	*	*	Asia/Seoul
4	50	8	1-5	*	*	Asia/Seoul
5	55	8	1-5	*	*	Asia/Seoul
6	*	9-15	1-5	*	*	Asia/Seoul
\.


--
-- Data for Name: django_celery_beat_intervalschedule; Type: TABLE DATA; Schema: public; Owner: theprepared
--

COPY public.django_celery_beat_intervalschedule (id, every, period) FROM stdin;
1	60	seconds
2	120	seconds
\.


--
-- Data for Name: django_celery_beat_periodictask; Type: TABLE DATA; Schema: public; Owner: theprepared
--

COPY public.django_celery_beat_periodictask (id, name, task, args, kwargs, queue, exchange, routing_key, expires, enabled, last_run_at, total_run_count, date_changed, description, crontab_id, interval_id, solar_id, one_off, start_time, priority, headers, clocked_id, expire_seconds) FROM stdin;
7	run-all-strategies-every-2-minutes	trading.tasks.run_all_active_strategies	[]	{}	\N	\N	\N	\N	t	2025-09-26 04:23:02.527579+00	11590	2025-09-26 05:12:24.709088+00		\N	2	\N	f	\N	\N	{}	\N	\N
6	celery.backend_cleanup	celery.backend_cleanup	[]	{}	\N	\N	\N	\N	t	2025-09-25 19:10:49.934138+00	18	2025-09-26 05:42:04.748528+00		1	\N	\N	f	\N	\N	{}	\N	43200
16	run-weekly-stock-screening	trading.tasks.run_stock_screening_task	[]	{}	\N	\N	\N	\N	t	\N	0	2025-09-26 05:42:04.788962+00		7	\N	\N	f	\N	\N	{}	\N	\N
15	run-daily-trading	trading.tasks.run_daily_trader_task	[]	{}	\N	\N	\N	\N	t	\N	0	2025-09-26 05:42:04.805046+00		2	\N	\N	f	\N	\N	{}	\N	\N
8	run-all-strategies-daily	trading.tasks.run_all_active_strategies	[]	{}	\N	\N	\N	\N	t	2025-09-25 22:28:35.423867+00	13	2025-09-25 23:17:57.314652+00		2	\N	\N	f	\N	\N	{}	\N	\N
14	run-daily-morning-routine	trading.tasks.run_daily_morning_routine	[]	{}	\N	\N	\N	\N	t	2025-09-23 19:00:00.006413+00	10	2025-09-25 08:32:35.318328+00		4	\N	\N	f	\N	\N	{}	\N	\N
11	analyze-stocks-daily	trading.tasks.analyze_stocks_task	[]	{}	\N	\N	\N	\N	t	2025-09-23 23:55:00.017334+00	9	2025-09-25 08:32:35.326382+00		5	\N	\N	f	\N	\N	{}	\N	\N
13	monitor-positions-intraday	trading.tasks.monitor_open_positions_task	[]	{}	\N	\N	\N	\N	t	2025-09-25 09:52:09.421909+00	3679	2025-09-25 10:41:31.781368+00		6	\N	\N	f	\N	\N	{}	\N	\N
10	classify-stocks-daily	trading.tasks.classify_stocks_task	[]	{}	\N	\N	\N	\N	t	2025-09-26 00:23:51.100585+00	11	2025-09-26 01:13:13.303604+00		5	\N	\N	f	\N	\N	{}	\N	\N
9	screen-stocks-daily	trading.tasks.screen_stocks_task	[]	{}	\N	\N	\N	\N	t	2025-09-26 01:13:16.934481+00	11	2025-09-26 02:02:39.545881+00		4	\N	\N	f	\N	\N	{}	\N	\N
12	execute-trades-daily	trading.tasks.execute_ai_trades_task	[]	{}	\N	\N	\N	\N	t	2025-09-26 02:02:42.981797+00	10	2025-09-26 02:52:05.276679+00		2	\N	\N	f	\N	\N	{}	\N	\N
\.


--
-- Data for Name: django_celery_beat_periodictasks; Type: TABLE DATA; Schema: public; Owner: theprepared
--

COPY public.django_celery_beat_periodictasks (ident, last_update) FROM stdin;
1	2025-09-26 05:42:04.806016+00
\.


--
-- Data for Name: django_celery_beat_solarschedule; Type: TABLE DATA; Schema: public; Owner: theprepared
--

COPY public.django_celery_beat_solarschedule (id, event, latitude, longitude) FROM stdin;
\.


--
-- Data for Name: django_content_type; Type: TABLE DATA; Schema: public; Owner: theprepared
--

COPY public.django_content_type (id, app_label, model) FROM stdin;
1	admin	logentry
2	auth	permission
3	auth	group
4	auth	user
5	contenttypes	contenttype
6	sessions	session
7	trading	strategy
8	trading	tradingaccount
9	trading	tradelog
10	trading	accountstrategy
11	django_celery_beat	crontabschedule
12	django_celery_beat	intervalschedule
13	django_celery_beat	periodictask
14	django_celery_beat	periodictasks
15	django_celery_beat	solarschedule
16	django_celery_beat	clockedschedule
17	trading	analyzedstock
18	trading	portfolio
19	trading	strategysettings
20	trading	historicalpricedata
21	strategy_engine	historicalprice
\.


--
-- Data for Name: django_migrations; Type: TABLE DATA; Schema: public; Owner: theprepared
--

COPY public.django_migrations (id, app, name, applied) FROM stdin;
1	contenttypes	0001_initial	2025-09-07 05:14:03.942869+00
2	auth	0001_initial	2025-09-07 05:14:03.99434+00
3	admin	0001_initial	2025-09-07 05:14:04.014551+00
4	admin	0002_logentry_remove_auto_add	2025-09-07 05:14:04.020449+00
5	admin	0003_logentry_add_action_flag_choices	2025-09-07 05:14:04.026374+00
6	contenttypes	0002_remove_content_type_name	2025-09-07 05:14:04.039227+00
7	auth	0002_alter_permission_name_max_length	2025-09-07 05:14:04.044918+00
8	auth	0003_alter_user_email_max_length	2025-09-07 05:14:04.050989+00
9	auth	0004_alter_user_username_opts	2025-09-07 05:14:04.056625+00
10	auth	0005_alter_user_last_login_null	2025-09-07 05:14:04.062773+00
11	auth	0006_require_contenttypes_0002	2025-09-07 05:14:04.06393+00
12	auth	0007_alter_validators_add_error_messages	2025-09-07 05:14:04.069477+00
13	auth	0008_alter_user_username_max_length	2025-09-07 05:14:04.078446+00
14	auth	0009_alter_user_last_name_max_length	2025-09-07 05:14:04.084625+00
15	auth	0010_alter_group_name_max_length	2025-09-07 05:14:04.091693+00
16	auth	0011_update_proxy_permissions	2025-09-07 05:14:04.09897+00
17	auth	0012_alter_user_first_name_max_length	2025-09-07 05:14:04.104972+00
18	sessions	0001_initial	2025-09-07 05:14:04.114117+00
20	django_celery_beat	0001_initial	2025-09-07 15:40:54.530047+00
21	django_celery_beat	0002_auto_20161118_0346	2025-09-07 15:40:54.547936+00
22	django_celery_beat	0003_auto_20161209_0049	2025-09-07 15:40:54.554744+00
23	django_celery_beat	0004_auto_20170221_0000	2025-09-07 15:40:54.558088+00
24	django_celery_beat	0005_add_solarschedule_events_choices	2025-09-07 15:40:54.561182+00
25	django_celery_beat	0006_auto_20180322_0932	2025-09-07 15:40:54.586572+00
26	django_celery_beat	0007_auto_20180521_0826	2025-09-07 15:40:54.601661+00
27	django_celery_beat	0008_auto_20180914_1922	2025-09-07 15:40:54.62562+00
28	django_celery_beat	0006_auto_20180210_1226	2025-09-07 15:40:54.641986+00
29	django_celery_beat	0006_periodictask_priority	2025-09-07 15:40:54.651895+00
30	django_celery_beat	0009_periodictask_headers	2025-09-07 15:40:54.660297+00
31	django_celery_beat	0010_auto_20190429_0326	2025-09-07 15:40:54.828064+00
32	django_celery_beat	0011_auto_20190508_0153	2025-09-07 15:40:54.844013+00
33	django_celery_beat	0012_periodictask_expire_seconds	2025-09-07 15:40:54.852035+00
34	django_celery_beat	0013_auto_20200609_0727	2025-09-07 15:40:54.860332+00
35	django_celery_beat	0014_remove_clockedschedule_enabled	2025-09-07 15:40:54.864151+00
36	django_celery_beat	0015_edit_solarschedule_events_choices	2025-09-07 15:40:54.867417+00
37	django_celery_beat	0016_alter_crontabschedule_timezone	2025-09-07 15:40:54.87547+00
38	django_celery_beat	0017_alter_crontabschedule_month_of_year	2025-09-07 15:40:54.896166+00
39	django_celery_beat	0018_improve_crontab_helptext	2025-09-07 15:40:54.902747+00
40	django_celery_beat	0019_alter_periodictasks_options	2025-09-07 15:40:54.904859+00
49	strategy_engine	0001_initial	2025-09-26 04:51:21.033029+00
51	trading	0001_initial	2025-09-26 05:41:37.272479+00
52	trading	0002_alter_strategy_parameters	2025-09-26 05:57:08.272412+00
\.


--
-- Data for Name: django_session; Type: TABLE DATA; Schema: public; Owner: theprepared
--

COPY public.django_session (session_key, session_data, expire_date) FROM stdin;
tzdh2c1tyu0boy112rbi1sd9j3bve8uo	.eJxVjMsOwiAUBf-FtSHQtHDj0r3fQO4LqRpISrsy_rs26UK3Z2bOyyTc1pK2rkuaxZyNN6ffjZAfWncgd6y3ZrnVdZnJ7oo9aLfXJvq8HO7fQcFevnWEgYRIWQeWyBCygvrgnAQ_jnmEzACSA6jzSg6RkQdgihwnIZ3M-wMaJTmG:1uv7vn:j3M0WNShnVhivy1EYzWRFbnp8UmkZMOTXuK1A1sPe78	2025-09-21 05:27:15.431987+00
jl8argkql7zoz5qabykrfl34zjqjeofr	.eJxVjMsOwiAUBf-FtSHQtHDj0r3fQO4LqRpISrsy_rs26UK3Z2bOyyTc1pK2rkuaxZyNN6ffjZAfWncgd6y3ZrnVdZnJ7oo9aLfXJvq8HO7fQcFevnWEgYRIWQeWyBCygvrgnAQ_jnmEzACSA6jzSg6RkQdgihwnIZ3M-wMaJTmG:1uvSHq:uh0uAcgteYK4pTer9rXgr6-ZQB25VgwLVYjq_G2x7ic	2025-09-22 03:11:22.636895+00
ssf7eyenyywk54vuhsjiso6qr8ee7vt8	.eJxVjMsOwiAUBf-FtSHQtHDj0r3fQO4LqRpISrsy_rs26UK3Z2bOyyTc1pK2rkuaxZyNN6ffjZAfWncgd6y3ZrnVdZnJ7oo9aLfXJvq8HO7fQcFevnWEgYRIWQeWyBCygvrgnAQ_jnmEzACSA6jzSg6RkQdgihwnIZ3M-wMaJTmG:1uwVWh:z05dtuI9JgY7rWqAyAhdvzqXxSUM2xjOWs83M-vM2H8	2025-09-25 00:51:03.054088+00
j7m1whrmeeczjb95duzaibaz471z48p5	.eJxVjMsOwiAUBf-FtSHQtHDj0r3fQO4LqRpISrsy_rs26UK3Z2bOyyTc1pK2rkuaxZyNN6ffjZAfWncgd6y3ZrnVdZnJ7oo9aLfXJvq8HO7fQcFevnWEgYRIWQeWyBCygvrgnAQ_jnmEzACSA6jzSg6RkQdgihwnIZ3M-wMaJTmG:1uwjaf:zUvDmvOCJZBdY0ylxjOP3Gw3cl3ZdEORU4cVJiHDXsY	2025-09-25 15:52:05.60097+00
gq45s406l2nmoc9696lb8igt0uhln3qz	.eJxVjMsOwiAUBf-FtSHQtHDj0r3fQO4LqRpISrsy_rs26UK3Z2bOyyTc1pK2rkuaxZyNN6ffjZAfWncgd6y3ZrnVdZnJ7oo9aLfXJvq8HO7fQcFevnWEgYRIWQeWyBCygvrgnAQ_jnmEzACSA6jzSg6RkQdgihwnIZ3M-wMaJTmG:1uwrRw:4wCZl9Llh8qH5jca60NvsQk1PMhU_ERfOv5RhUBHncE	2025-09-26 00:15:36.595993+00
6lifggah6gr50jjpxht5uzw3rwrie13o	.eJxVjMsOwiAUBf-FtSHQtHDj0r3fQO4LqRpISrsy_rs26UK3Z2bOyyTc1pK2rkuaxZyNN6ffjZAfWncgd6y3ZrnVdZnJ7oo9aLfXJvq8HO7fQcFevnWEgYRIWQeWyBCygvrgnAQ_jnmEzACSA6jzSg6RkQdgihwnIZ3M-wMaJTmG:1uxl1c:ATSBZ6EhDiDHUHOqvUNXddXGQm5u07p4J8YfvBCY-kE	2025-09-28 11:36:08.139066+00
qzqo05maxy7tkf9dmr487b1n3e2wm72r	.eJxVjMsOwiAUBf-FtSHQtHDj0r3fQO4LqRpISrsy_rs26UK3Z2bOyyTc1pK2rkuaxZyNN6ffjZAfWncgd6y3ZrnVdZnJ7oo9aLfXJvq8HO7fQcFevnWEgYRIWQeWyBCygvrgnAQ_jnmEzACSA6jzSg6RkQdgihwnIZ3M-wMaJTmG:1uyBMN:4FoRpUGSwoW3hVjEsuGrewAJlDhGJDb70kfq69lefNA	2025-09-29 15:43:19.439532+00
8gzmivyr48jgwl3ecstjcga3hpzfus5n	.eJxVjMsOwiAUBf-FtSHQtHDj0r3fQO4LqRpISrsy_rs26UK3Z2bOyyTc1pK2rkuaxZyNN6ffjZAfWncgd6y3ZrnVdZnJ7oo9aLfXJvq8HO7fQcFevnWEgYRIWQeWyBCygvrgnAQ_jnmEzACSA6jzSg6RkQdgihwnIZ3M-wMaJTmG:1uyjg5:9oqLrudCEJ3uEF0cebcM4Sml896kQRARnsX0kEfik28	2025-10-01 04:21:57.851162+00
lgzz6okmoo8dh5a0gvs7r5welkk68ovh	.eJxVjMsOwiAUBf-FtSHQtHDj0r3fQO4LqRpISrsy_rs26UK3Z2bOyyTc1pK2rkuaxZyNN6ffjZAfWncgd6y3ZrnVdZnJ7oo9aLfXJvq8HO7fQcFevnWEgYRIWQeWyBCygvrgnAQ_jnmEzACSA6jzSg6RkQdgihwnIZ3M-wMaJTmG:1uykD5:kCVXySEuWSWpvcMXbcDiBaTMQ9AToIvIjPq47Q8bNWQ	2025-10-01 04:56:03.421237+00
9ziq06pt387qte00pyve2tiey2b5hkdl	.eJxVjMsOwiAUBf-FtSHQtHDj0r3fQO4LqRpISrsy_rs26UK3Z2bOyyTc1pK2rkuaxZyNN6ffjZAfWncgd6y3ZrnVdZnJ7oo9aLfXJvq8HO7fQcFevnWEgYRIWQeWyBCygvrgnAQ_jnmEzACSA6jzSg6RkQdgihwnIZ3M-wMaJTmG:1uzFwk:MvihectMxeaENHK0Fh3R8MLz47INggAluEDElMh_-T4	2025-10-02 14:49:18.410849+00
l5ekqhuwlyzoj4iy16k15t9usdd2sgcj	.eJxVjMsOwiAUBf-FtSHQtHDj0r3fQO4LqRpISrsy_rs26UK3Z2bOyyTc1pK2rkuaxZyNN6ffjZAfWncgd6y3ZrnVdZnJ7oo9aLfXJvq8HO7fQcFevnWEgYRIWQeWyBCygvrgnAQ_jnmEzACSA6jzSg6RkQdgihwnIZ3M-wMaJTmG:1uzPwJ:r00kQevtyCzjEUpjdY0Q7w5D-l4LFHRomjlvxO9-Lug	2025-10-03 01:29:31.027431+00
fbwb9st6z6o4ffxq2j39y9lnsmvhjwl7	.eJxVjMsOwiAUBf-FtSHQtHDj0r3fQO4LqRpISrsy_rs26UK3Z2bOyyTc1pK2rkuaxZyNN6ffjZAfWncgd6y3ZrnVdZnJ7oo9aLfXJvq8HO7fQcFevnWEgYRIWQeWyBCygvrgnAQ_jnmEzACSA6jzSg6RkQdgihwnIZ3M-wMaJTmG:1uzdIF:375HVU-ToauHewPAAoXjZ4vF8nQcost4dH-1jub2dqI	2025-10-03 15:45:03.061685+00
xpbg65bx3w7rstc7d0mbxpfmki4or00g	.eJxVjMsOwiAUBf-FtSHQtHDj0r3fQO4LqRpISrsy_rs26UK3Z2bOyyTc1pK2rkuaxZyNN6ffjZAfWncgd6y3ZrnVdZnJ7oo9aLfXJvq8HO7fQcFevnWEgYRIWQeWyBCygvrgnAQ_jnmEzACSA6jzSg6RkQdgihwnIZ3M-wMaJTmG:1v0wmg:qfRqR_I78PF1fawp3rM_5Endvm2U-ofRkbJS978Neb4	2025-10-07 06:45:54.815026+00
kvckxqxh3lkxqvjqtz4cvp4uug7oywkb	.eJxVjMsOwiAUBf-FtSHQtHDj0r3fQO4LqRpISrsy_rs26UK3Z2bOyyTc1pK2rkuaxZyNN6ffjZAfWncgd6y3ZrnVdZnJ7oo9aLfXJvq8HO7fQcFevnWEgYRIWQeWyBCygvrgnAQ_jnmEzACSA6jzSg6RkQdgihwnIZ3M-wMaJTmG:1v1add:LPZ5ftiyyy5ya9tv-3vjk29q2MXw32Z3pSLcXRbXnWE	2025-10-09 01:19:13.840487+00
rfsiccubpiail7yhgkokhvi2358jvs59	.eJxVjMsOwiAUBf-FtSHQtHDj0r3fQO4LqRpISrsy_rs26UK3Z2bOyyTc1pK2rkuaxZyNN6ffjZAfWncgd6y3ZrnVdZnJ7oo9aLfXJvq8HO7fQcFevnWEgYRIWQeWyBCygvrgnAQ_jnmEzACSA6jzSg6RkQdgihwnIZ3M-wMaJTmG:1v1meO:reC7gXSQYEC0FrXM7SST45gy8pinyoE4kFo1KKwCbBc	2025-10-09 14:08:48.339795+00
8u7zwkuy9228g2q3dg3op7c42odjbvhr	.eJxVjMsOwiAUBf-FtSHQtHDj0r3fQO4LqRpISrsy_rs26UK3Z2bOyyTc1pK2rkuaxZyNN6ffjZAfWncgd6y3ZrnVdZnJ7oo9aLfXJvq8HO7fQcFevnWEgYRIWQeWyBCygvrgnAQ_jnmEzACSA6jzSg6RkQdgihwnIZ3M-wMaJTmG:1v1odl:1VaBuZwNRQyxQ40Zsmeqo6GAEsb00rEdH-1BvkdZEwI	2025-10-09 16:16:17.251367+00
77t3h06wu2rn0267dopur419wk9q2fs2	.eJxVjMsOwiAUBf-FtSHQtHDj0r3fQO4LqRpISrsy_rs26UK3Z2bOyyTc1pK2rkuaxZyNN6ffjZAfWncgd6y3ZrnVdZnJ7oo9aLfXJvq8HO7fQcFevnWEgYRIWQeWyBCygvrgnAQ_jnmEzACSA6jzSg6RkQdgihwnIZ3M-wMaJTmG:1v1wH9:lO4EBrGApLqC__4rPLCBs47hbs5ArDfMmzTs1rTs8Oc	2025-10-10 00:25:27.25451+00
\.


--
-- Data for Name: strategy_engine_historicalprice; Type: TABLE DATA; Schema: public; Owner: theprepared
--

COPY public.strategy_engine_historicalprice (id, symbol, date, open_price, high_price, low_price, close_price, volume) FROM stdin;
\.


--
-- Data for Name: trading_analyzedstock; Type: TABLE DATA; Schema: public; Owner: theprepared
--

COPY public.trading_analyzedstock (id, symbol, stock_name, is_investable, investment_horizon, analysis_date, last_price, raw_analysis_data) FROM stdin;
10	051910		f	SHORT	2025-09-24	298500.00	{"rsi_14": 58.516367950730334, "bb_lower": null, "bb_upper": null, "macd_hist": 1215.8936112392248, "macd_line": 4220.74991907581, "latest_atr": 10084.668007166705, "macd_signal": 3004.856307836585, "latest_close": 298500, "market_trend": "SIDEWAYS", "atr_multiplier": 2.0, "forecast_30d_yhat": 283024.8320690807, "forecast_90d_yhat": 277087.59565399855}
27	950130		f	NONE	2025-09-24	5260.00	{"rsi_14": 47.041331261822336, "bb_lower": null, "bb_upper": null, "macd_hist": 1.9755645276761156, "macd_line": -5.155032115061658, "latest_atr": 24.616688501874787, "macd_signal": -7.130596642737774, "latest_close": 5260, "market_trend": "SIDEWAYS", "atr_multiplier": 2.0, "forecast_30d_yhat": 5206.408795278283, "forecast_90d_yhat": 5124.865850005911}
28	207940		f	SHORT	2025-09-24	1036000.00	{"rsi_14": 53.766819673332016, "bb_lower": null, "bb_upper": null, "macd_hist": 964.3642376799685, "macd_line": 523.9015692714602, "latest_atr": 17112.043859280166, "macd_signal": -440.46266840850836, "latest_close": 1036000, "market_trend": "SIDEWAYS", "atr_multiplier": 2.0, "forecast_30d_yhat": 1024620.513131917, "forecast_90d_yhat": 1019773.1411918992}
7	005930		f	NONE	2025-09-24	84700.00	{"rsi_14": 79.05371832192604, "bb_lower": null, "bb_upper": null, "macd_hist": 1135.1812511791895, "macd_line": 3472.3290221480856, "latest_atr": 1908.3372616915985, "macd_signal": 2337.147770968896, "latest_close": 84700, "market_trend": "SIDEWAYS", "atr_multiplier": 2.0, "forecast_30d_yhat": 84689.37915616905, "forecast_90d_yhat": 97548.86734056773}
4	000270		f	NONE	2025-09-24	102800.00	{"rsi_14": 46.80973467860258, "bb_lower": null, "bb_upper": null, "macd_hist": -487.4477986936352, "macd_line": -474.7117522135668, "latest_atr": 1923.0235174955105, "macd_signal": 12.736046480068396, "latest_close": 102800, "market_trend": "SIDEWAYS", "atr_multiplier": 2.0, "forecast_30d_yhat": 103605.72150594169, "forecast_90d_yhat": 102550.22001914898}
25	086520		f	NONE	2025-09-24	49650.00	{"rsi_14": 45.0928398958294, "bb_lower": null, "bb_upper": null, "macd_hist": -25.584305063704164, "macd_line": -585.0449865168193, "latest_atr": 1437.751516287689, "macd_signal": -559.4606814531152, "latest_close": 49650, "market_trend": "SIDEWAYS", "atr_multiplier": 2.0, "forecast_30d_yhat": 44800.47334450267, "forecast_90d_yhat": 37754.6779120303}
26	393890		f	NONE	2025-09-24	6990.00	{"rsi_14": 41.60890360731815, "bb_lower": null, "bb_upper": null, "macd_hist": 2.972504945502209, "macd_line": -155.0659115528406, "latest_atr": 234.24790681644473, "macd_signal": -158.0384164983428, "latest_close": 6990, "market_trend": "SIDEWAYS", "atr_multiplier": 2.0, "forecast_30d_yhat": 6171.255951611199, "forecast_90d_yhat": 4921.681777549027}
29	214370		f	NONE	2025-09-24	70200.00	{"rsi_14": 73.19524289439832, "bb_lower": null, "bb_upper": null, "macd_hist": 1098.0970329041934, "macd_line": 5073.710637832875, "latest_atr": 3929.1460022329206, "macd_signal": 3975.613604928682, "latest_close": 70200, "market_trend": "SIDEWAYS", "atr_multiplier": 2.0, "forecast_30d_yhat": 69702.53073167246, "forecast_90d_yhat": 84986.91508786257}
6	006400		f	SHORT	2025-09-24	210000.00	{"rsi_14": 55.54724565821793, "bb_lower": null, "bb_upper": null, "macd_hist": 413.90833549269973, "macd_line": 71.49281603348209, "latest_atr": 5958.462189494423, "macd_signal": -342.41551945921765, "latest_close": 210000, "market_trend": "SIDEWAYS", "atr_multiplier": 2.0, "forecast_30d_yhat": 185761.59320515962, "forecast_90d_yhat": 161139.38604637014}
20	095340		f	NONE	2025-09-24	79500.00	{"rsi_14": 79.06110528041003, "bb_lower": null, "bb_upper": null, "macd_hist": 1314.6416550552913, "macd_line": 4808.72833597596, "latest_atr": 3080.3574409843754, "macd_signal": 3494.086680920669, "latest_close": 79500, "market_trend": "SIDEWAYS", "atr_multiplier": 2.0, "forecast_30d_yhat": 88014.42518392601, "forecast_90d_yhat": 114989.29482865786}
21	214150		f	NONE	2025-09-24	52700.00	{"rsi_14": 39.371878362956274, "bb_lower": null, "bb_upper": null, "macd_hist": -82.09476498685251, "macd_line": -531.5274711689271, "latest_atr": 1423.4294669803649, "macd_signal": -449.43270618207464, "latest_close": 52700, "market_trend": "SIDEWAYS", "atr_multiplier": 2.0, "forecast_30d_yhat": 50003.09364912543, "forecast_90d_yhat": 45116.2465727996}
19	247540		f	NONE	2025-09-24	118700.00	{"rsi_14": 46.32600237809454, "bb_lower": null, "bb_upper": null, "macd_hist": -266.65964478069134, "macd_line": -561.421499742195, "latest_atr": 3730.5584961384347, "macd_signal": -294.7618549615037, "latest_close": 118700, "market_trend": "SIDEWAYS", "atr_multiplier": 2.0, "forecast_30d_yhat": 113109.91751108413, "forecast_90d_yhat": 102698.85049944674}
17	028260		f	NONE	2025-09-24	197700.00	{"rsi_14": 73.84780848481503, "bb_lower": null, "bb_upper": null, "macd_hist": 1646.0033909157246, "macd_line": 8260.40989347591, "latest_atr": 5575.757299807317, "macd_signal": 6614.406502560185, "latest_close": 197700, "market_trend": "SIDEWAYS", "atr_multiplier": 2.0, "forecast_30d_yhat": 225022.55533298576, "forecast_90d_yhat": 284480.54338321317}
24	086900		f	NONE	2025-09-24	127300.00	{"rsi_14": 52.84575841497756, "bb_lower": null, "bb_upper": null, "macd_hist": 1682.261425832868, "macd_line": -1214.2141461795545, "latest_atr": 3228.7903440283535, "macd_signal": -2896.4755720124226, "latest_close": 127300, "market_trend": "SIDEWAYS", "atr_multiplier": 2.0, "forecast_30d_yhat": 127183.86845933256, "forecast_90d_yhat": 131694.71256902572}
31	451220		f	SHORT	2025-09-24	11260.00	{"rsi_14": 64.53892275986075, "bb_lower": null, "bb_upper": null, "macd_hist": 76.61057454360258, "macd_line": 331.45114084690977, "latest_atr": 447.02943135655494, "macd_signal": 254.84056630330718, "latest_close": 11260, "market_trend": "SIDEWAYS", "atr_multiplier": 2.0, "forecast_30d_yhat": 11923.266812918975, "forecast_90d_yhat": 13677.00981251794}
32	105560		f	SHORT	2025-09-24	115400.00	{"rsi_14": 53.968843359744746, "bb_lower": null, "bb_upper": null, "macd_hist": 329.8391538476196, "macd_line": 1733.023172889807, "latest_atr": 2851.8666485885806, "macd_signal": 1403.1840190421874, "latest_close": 115400, "market_trend": "SIDEWAYS", "atr_multiplier": 2.0, "forecast_30d_yhat": 123121.66352108016, "forecast_90d_yhat": 135960.82764893828}
18	042500		f	NONE	2025-09-24	4015.00	{"rsi_14": 28.362554866185437, "bb_lower": null, "bb_upper": null, "macd_hist": -96.98234362721979, "macd_line": -81.75699998908931, "latest_atr": 137.23121946407727, "macd_signal": 15.22534363813049, "latest_close": 4015, "market_trend": "SIDEWAYS", "atr_multiplier": 2.0, "forecast_30d_yhat": 4533.438747346872, "forecast_90d_yhat": 4588.828323606909}
23	012330		f	NONE	2025-09-24	312000.00	{"rsi_14": 51.903345266647136, "bb_lower": null, "bb_upper": null, "macd_hist": -1331.15854547055, "macd_line": 2249.2950184802175, "latest_atr": 8330.134093696184, "macd_signal": 3580.4535639507676, "latest_close": 312000, "market_trend": "SIDEWAYS", "atr_multiplier": 2.0, "forecast_30d_yhat": 329307.31425975624, "forecast_90d_yhat": 350413.4424442401}
30	000810		f	NONE	2025-09-24	458500.00	{"rsi_14": 52.61579987768726, "bb_lower": null, "bb_upper": null, "macd_hist": -1195.850589911328, "macd_line": 3069.9888280493906, "latest_atr": 10189.643771380835, "macd_signal": 4265.8394179607185, "latest_close": 458500, "market_trend": "SIDEWAYS", "atr_multiplier": 2.0, "forecast_30d_yhat": 473007.5916632086, "forecast_90d_yhat": 501640.27631989354}
1	000660		f	NONE	2025-09-24	361000.00	{"rsi_14": 76.54284184131285, "bb_lower": null, "bb_upper": null, "macd_hist": 6507.305259273329, "macd_line": 24037.656918533088, "latest_atr": 12848.065069311366, "macd_signal": 17530.35165925976, "latest_close": 361000, "market_trend": "SIDEWAYS", "atr_multiplier": 2.0, "forecast_30d_yhat": 422843.74026514683, "forecast_90d_yhat": 577867.1095157568}
14	032830		f	NONE	2025-09-24	157600.00	{"rsi_14": 66.35569316558082, "bb_lower": null, "bb_upper": null, "macd_hist": -745.2267145191181, "macd_line": 5717.304538264318, "latest_atr": 4717.2820979217595, "macd_signal": 6462.531252783436, "latest_close": 157600, "market_trend": "SIDEWAYS", "atr_multiplier": 2.0, "forecast_30d_yhat": 186304.28586731976, "forecast_90d_yhat": 232695.64236120597}
11	066570		f	SHORT	2025-09-24	79400.00	{"rsi_14": 59.72394699844484, "bb_lower": null, "bb_upper": null, "macd_hist": 503.09289252496103, "macd_line": 1032.4483521613147, "latest_atr": 1841.3279082313138, "macd_signal": 529.3554596363537, "latest_close": 79400, "market_trend": "SIDEWAYS", "atr_multiplier": 2.0, "forecast_30d_yhat": 81073.06785212118, "forecast_90d_yhat": 87244.40586968065}
3	035420		f	SHORT	2025-09-24	231000.00	{"rsi_14": 51.04157363429934, "bb_lower": null, "bb_upper": null, "macd_hist": 539.7393420018218, "macd_line": 1764.2660365696647, "latest_atr": 6112.692829056982, "macd_signal": 1224.526694567843, "latest_close": 231000, "market_trend": "SIDEWAYS", "atr_multiplier": 2.0, "forecast_30d_yhat": 216443.33871639962, "forecast_90d_yhat": 200604.25948043942}
12	067310		f	NONE	2025-09-24	20400.00	{"rsi_14": 87.15468689412428, "bb_lower": null, "bb_upper": null, "macd_hist": 398.0800629862954, "macd_line": 2027.018183288019, "latest_atr": 942.0291599442063, "macd_signal": 1628.9381203017235, "latest_close": 20400, "market_trend": "SIDEWAYS", "atr_multiplier": 2.0, "forecast_30d_yhat": 27364.926930071633, "forecast_90d_yhat": 41735.925731236886}
8	035720		f	SHORT	2025-09-24	63300.00	{"rsi_14": 52.654875832040915, "bb_lower": null, "bb_upper": null, "macd_hist": 339.78521111734585, "macd_line": 1070.4664317076968, "latest_atr": 2469.3388144376577, "macd_signal": 730.6812205903509, "latest_close": 63300, "market_trend": "SIDEWAYS", "atr_multiplier": 2.0, "forecast_30d_yhat": 66333.06716675388, "forecast_90d_yhat": 70105.96807422869}
13	277810		f	MID	2025-09-24	307000.00	{"rsi_14": 62.60715374943481, "bb_lower": null, "bb_upper": null, "macd_hist": 2704.528848500833, "macd_line": 8611.476184669009, "latest_atr": 12471.934949129503, "macd_signal": 5906.947336168176, "latest_close": 307000, "market_trend": "SIDEWAYS", "atr_multiplier": 2.0, "forecast_30d_yhat": 317045.27180288505, "forecast_90d_yhat": 360665.7251531964}
9	005380		f	NONE	2025-09-24	219000.00	{"rsi_14": 51.86462728762823, "bb_lower": null, "bb_upper": null, "macd_hist": -519.1341236854187, "macd_line": 102.91541105878423, "latest_atr": 4193.103175709437, "macd_signal": 622.0495347442029, "latest_close": 219000, "market_trend": "SIDEWAYS", "atr_multiplier": 2.0, "forecast_30d_yhat": 220280.34742368918, "forecast_90d_yhat": 222145.98001475824}
33	263750		f	NONE	2025-09-24	34750.00	{"rsi_14": 54.60227448079493, "bb_lower": null, "bb_upper": null, "macd_hist": 355.7406714884829, "macd_line": -7.769419868513069, "latest_atr": 1141.062095387478, "macd_signal": -363.510091356996, "latest_close": 34750, "market_trend": "SIDEWAYS", "atr_multiplier": 2.0, "forecast_30d_yhat": 32389.160687503605, "forecast_90d_yhat": 30200.88066977583}
15	066970		f	SHORT	2025-09-24	77000.00	{"rsi_14": 59.56580816273409, "bb_lower": null, "bb_upper": null, "macd_hist": 1418.4312521139059, "macd_line": 1250.9212926600594, "latest_atr": 4214.102225565481, "macd_signal": -167.50995945384642, "latest_close": 77000, "market_trend": "SIDEWAYS", "atr_multiplier": 2.0, "forecast_30d_yhat": 81765.4485043658, "forecast_90d_yhat": 93803.60837242163}
2	068270		f	NONE	2025-09-24	184200.00	{"rsi_14": 70.0142616587316, "bb_lower": null, "bb_upper": null, "macd_hist": 991.473397348256, "macd_line": 255.69051399527234, "latest_atr": 3600.661539532606, "macd_signal": -735.7828833529836, "latest_close": 184200, "market_trend": "SIDEWAYS", "atr_multiplier": 2.0, "forecast_30d_yhat": 167373.02829521766, "forecast_90d_yhat": 161826.7436313067}
5	005490		f	NONE	2025-09-24	278500.00	{"rsi_14": 38.615914215532094, "bb_lower": null, "bb_upper": null, "macd_hist": 329.8372906529785, "macd_line": -4086.2506184755475, "latest_atr": 6657.365470057277, "macd_signal": -4416.087909128526, "latest_close": 278500, "market_trend": "SIDEWAYS", "atr_multiplier": 2.0, "forecast_30d_yhat": 253661.5325940485, "forecast_90d_yhat": 213565.40793962518}
22	039030		f	SHORT	2025-09-24	243000.00	{"rsi_14": 67.01870116059627, "bb_lower": null, "bb_upper": null, "macd_hist": 4056.851994328583, "macd_line": 8440.979623769701, "latest_atr": 10409.151490970344, "macd_signal": 4384.127629441118, "latest_close": 243000, "market_trend": "SIDEWAYS", "atr_multiplier": 2.0, "forecast_30d_yhat": 229946.74336623587, "forecast_90d_yhat": 239072.89684052474}
16	373220		f	NONE	2025-09-24	357000.00	{"rsi_14": 51.247831001790615, "bb_lower": null, "bb_upper": null, "macd_hist": 483.54246459772276, "macd_line": -2735.647320992488, "latest_atr": 9835.210765005331, "macd_signal": -3219.1897855902107, "latest_close": 357000, "market_trend": "SIDEWAYS", "atr_multiplier": 2.0, "forecast_30d_yhat": 310527.6706917444, "forecast_90d_yhat": 257699.11478613075}
36	003670		f	NONE	2025-09-24	143600.00	{"rsi_14": 55.90366609019291, "bb_lower": null, "bb_upper": null, "macd_hist": 1311.3153870816568, "macd_line": -1473.3628144754912, "latest_atr": 5588.473997642857, "macd_signal": -2784.678201557148, "latest_close": 143600, "market_trend": "SIDEWAYS", "atr_multiplier": 2.0, "forecast_30d_yhat": 125918.82638288039, "forecast_90d_yhat": 105807.88611114827}
35	091990		f	NONE	2025-09-24	0.00	{"rsi_14": 54.963212294019606, "bb_lower": null, "bb_upper": null, "macd_hist": -265.8417922965882, "macd_line": 660.1911554297258, "latest_atr": 832.2862309111456, "macd_signal": 926.032947726314, "latest_close": 75900, "market_trend": "SIDEWAYS", "atr_multiplier": 2.0, "forecast_30d_yhat": 67933.33897929982, "forecast_90d_yhat": 79084.84327989907}
39	005935		f	NONE	2025-09-24	67200.00	{"rsi_14": 79.277769586059, "bb_lower": null, "bb_upper": null, "macd_hist": 772.3669523406486, "macd_line": 2409.544053587466, "latest_atr": 1424.4017060749907, "macd_signal": 1637.1771012468173, "latest_close": 67200, "market_trend": "SIDEWAYS", "atr_multiplier": 2.0, "forecast_30d_yhat": 69233.6860248633, "forecast_90d_yhat": 80670.35016463444}
34	196170		f	SHORT	2025-09-24	482000.00	{"rsi_14": 55.235615976164375, "bb_lower": null, "bb_upper": null, "macd_hist": 416.51666757879866, "macd_line": 12117.806795548531, "latest_atr": 21093.74220915921, "macd_signal": 11701.290127969733, "latest_close": 482000, "market_trend": "SIDEWAYS", "atr_multiplier": 2.0, "forecast_30d_yhat": 492479.8379815394, "forecast_90d_yhat": 532438.3946515498}
38	028300		f	NONE	2025-09-24	38850.00	{"rsi_14": 42.60008944564892, "bb_lower": null, "bb_upper": null, "macd_hist": 347.2392159542162, "macd_line": -795.9635912627346, "latest_atr": 1486.8212279556917, "macd_signal": -1143.2028072169508, "latest_close": 38850, "market_trend": "SIDEWAYS", "atr_multiplier": 2.0, "forecast_30d_yhat": 38491.593171100256, "forecast_90d_yhat": 37344.18407112396}
37	353200		f	SHORT	2025-09-24	27500.00	{"rsi_14": 67.22346706754514, "bb_lower": null, "bb_upper": null, "macd_hist": 183.15412134489998, "macd_line": 1375.3667297676293, "latest_atr": 1244.3352521712739, "macd_signal": 1192.2126084227293, "latest_close": 27500, "market_trend": "SIDEWAYS", "atr_multiplier": 2.0, "forecast_30d_yhat": 30212.85707284409, "forecast_90d_yhat": 36405.53800014244}
\.


--
-- Data for Name: trading_historicalpricedata; Type: TABLE DATA; Schema: public; Owner: theprepared
--

COPY public.trading_historicalpricedata (id, symbol, date, open_price, high_price, low_price, close_price, volume) FROM stdin;
\.


--
-- Data for Name: trading_portfolio; Type: TABLE DATA; Schema: public; Owner: theprepared
--

COPY public.trading_portfolio (id, symbol, stock_name, quantity, average_buy_price, stop_loss_price, target_price, is_open, created_at, updated_at, account_id, entry_log_id) FROM stdin;
\.


--
-- Data for Name: trading_strategysettings; Type: TABLE DATA; Schema: public; Owner: theprepared
--

COPY public.trading_strategysettings (id, short_term_allocation, mid_term_allocation, long_term_allocation, updated_at) FROM stdin;
\.


--
-- Data for Name: trading_tradelog; Type: TABLE DATA; Schema: public; Owner: theprepared
--

COPY public.trading_tradelog (id, symbol, order_id, trade_type, quantity, price, status, "timestamp", log_message, account_id) FROM stdin;
\.


--
-- Data for Name: trading_tradingaccount; Type: TABLE DATA; Schema: public; Owner: theprepared
--

COPY public.trading_tradingaccount (id, account_name, account_number, account_type, brokerage, app_key, app_secret, is_active, created_at, updated_at, user_id) FROM stdin;
2	ISA	43194136-01	REAL	한국투자증권	PSG5YwneyZRZp7IGQ52q8nuG9YrxLmMB5KBz	ideqsSiFrABBlGi3MXlr2QrIHMEUdUhnC6UOz6aCNqSOFrh68Ypib4LKKEgAZkCkGW7/JnEZMlbKvVeWg8ladc8tGdP6+NJr/ED8oiMQJC4ap5w0SyCQjdOCAaMffqPuTaAYjP4ohsz0+bqFvfP/lLxcLVGgV9LT07Pgk5FKzJNtfcSwC3E=	t	2025-09-07 06:00:49.863234+00	2025-09-12 00:58:25.198176+00	1
1	일반 증권	43194135-01	REAL	한국투자증권	PSJvrbmFetcORq0XAiM0Zs6mOFnv4tQee9Sf	kuod45+zus/2rDT1uEmtVakE25hXgFZt+6HSPY/Ow3tLujGDKI0za8yqYNoPWitqg96i4gERVkt1g6rx05B8q5l3mvRnmuMlQDJiIwkS+QKZr6jvukLNV6Gc5V0olatl0t6eXCvI//Cjz3tKMcLbnSuW96FNGTSVq4+0V05UmHaFgUevvxY=	t	2025-09-07 05:30:20.65353+00	2025-09-12 00:58:54.066659+00	1
3	모의투자	50150669-01	SIM	한국투자증권	PSciA0CBo3rRu4969uCyxRDiJN4MbwqJqS1H	25LUHSEsPdOOx2IVmZAUHcAkhFqTbg1M1KxfvXzDp9rW5Q9NuCakSPVbYVnh/jxTiRuHikGNCzMeYlulFSwFo9w0HmogdfUnIyM0T+D9F5cOtSw2Sz1v/doYh9XtWF85loDArRktRnvOpq9BYp65VFF7soAMwheTHydoX5BBpx93n2FUGpg=	t	2025-09-07 06:06:32.35053+00	2025-09-12 00:59:14.313419+00	1
\.


--
-- Name: auth_group_id_seq; Type: SEQUENCE SET; Schema: public; Owner: theprepared
--

SELECT pg_catalog.setval('public.auth_group_id_seq', 1, false);


--
-- Name: auth_group_permissions_id_seq; Type: SEQUENCE SET; Schema: public; Owner: theprepared
--

SELECT pg_catalog.setval('public.auth_group_permissions_id_seq', 1, false);


--
-- Name: auth_permission_id_seq; Type: SEQUENCE SET; Schema: public; Owner: theprepared
--

SELECT pg_catalog.setval('public.auth_permission_id_seq', 84, true);


--
-- Name: auth_user_groups_id_seq; Type: SEQUENCE SET; Schema: public; Owner: theprepared
--

SELECT pg_catalog.setval('public.auth_user_groups_id_seq', 1, false);


--
-- Name: auth_user_id_seq; Type: SEQUENCE SET; Schema: public; Owner: theprepared
--

SELECT pg_catalog.setval('public.auth_user_id_seq', 2, true);


--
-- Name: auth_user_user_permissions_id_seq; Type: SEQUENCE SET; Schema: public; Owner: theprepared
--

SELECT pg_catalog.setval('public.auth_user_user_permissions_id_seq', 1, false);


--
-- Name: django_admin_log_id_seq; Type: SEQUENCE SET; Schema: public; Owner: theprepared
--

SELECT pg_catalog.setval('public.django_admin_log_id_seq', 14, true);


--
-- Name: django_celery_beat_clockedschedule_id_seq; Type: SEQUENCE SET; Schema: public; Owner: theprepared
--

SELECT pg_catalog.setval('public.django_celery_beat_clockedschedule_id_seq', 1, false);


--
-- Name: django_celery_beat_crontabschedule_id_seq; Type: SEQUENCE SET; Schema: public; Owner: theprepared
--

SELECT pg_catalog.setval('public.django_celery_beat_crontabschedule_id_seq', 7, true);


--
-- Name: django_celery_beat_intervalschedule_id_seq; Type: SEQUENCE SET; Schema: public; Owner: theprepared
--

SELECT pg_catalog.setval('public.django_celery_beat_intervalschedule_id_seq', 2, true);


--
-- Name: django_celery_beat_periodictask_id_seq; Type: SEQUENCE SET; Schema: public; Owner: theprepared
--

SELECT pg_catalog.setval('public.django_celery_beat_periodictask_id_seq', 16, true);


--
-- Name: django_celery_beat_solarschedule_id_seq; Type: SEQUENCE SET; Schema: public; Owner: theprepared
--

SELECT pg_catalog.setval('public.django_celery_beat_solarschedule_id_seq', 1, false);


--
-- Name: django_content_type_id_seq; Type: SEQUENCE SET; Schema: public; Owner: theprepared
--

SELECT pg_catalog.setval('public.django_content_type_id_seq', 21, true);


--
-- Name: django_migrations_id_seq; Type: SEQUENCE SET; Schema: public; Owner: theprepared
--

SELECT pg_catalog.setval('public.django_migrations_id_seq', 52, true);


--
-- Name: strategy_engine_historicalprice_id_seq; Type: SEQUENCE SET; Schema: public; Owner: theprepared
--

SELECT pg_catalog.setval('public.strategy_engine_historicalprice_id_seq', 1, false);


--
-- Name: trading_analyzedstock_id_seq; Type: SEQUENCE SET; Schema: public; Owner: theprepared
--

SELECT pg_catalog.setval('public.trading_analyzedstock_id_seq', 39, true);


--
-- Name: trading_historicalpricedata_id_seq; Type: SEQUENCE SET; Schema: public; Owner: theprepared
--

SELECT pg_catalog.setval('public.trading_historicalpricedata_id_seq', 1, false);


--
-- Name: trading_portfolio_id_seq; Type: SEQUENCE SET; Schema: public; Owner: theprepared
--

SELECT pg_catalog.setval('public.trading_portfolio_id_seq', 1, false);


--
-- Name: trading_strategysettings_id_seq; Type: SEQUENCE SET; Schema: public; Owner: theprepared
--

SELECT pg_catalog.setval('public.trading_strategysettings_id_seq', 1, false);


--
-- Name: trading_tradelog_id_seq; Type: SEQUENCE SET; Schema: public; Owner: theprepared
--

SELECT pg_catalog.setval('public.trading_tradelog_id_seq', 1, false);


--
-- Name: trading_tradingaccount_id_seq; Type: SEQUENCE SET; Schema: public; Owner: theprepared
--

SELECT pg_catalog.setval('public.trading_tradingaccount_id_seq', 3, true);


--
-- Name: auth_group auth_group_name_key; Type: CONSTRAINT; Schema: public; Owner: theprepared
--

ALTER TABLE ONLY public.auth_group
    ADD CONSTRAINT auth_group_name_key UNIQUE (name);


--
-- Name: auth_group_permissions auth_group_permissions_group_id_permission_id_0cd325b0_uniq; Type: CONSTRAINT; Schema: public; Owner: theprepared
--

ALTER TABLE ONLY public.auth_group_permissions
    ADD CONSTRAINT auth_group_permissions_group_id_permission_id_0cd325b0_uniq UNIQUE (group_id, permission_id);


--
-- Name: auth_group_permissions auth_group_permissions_pkey; Type: CONSTRAINT; Schema: public; Owner: theprepared
--

ALTER TABLE ONLY public.auth_group_permissions
    ADD CONSTRAINT auth_group_permissions_pkey PRIMARY KEY (id);


--
-- Name: auth_group auth_group_pkey; Type: CONSTRAINT; Schema: public; Owner: theprepared
--

ALTER TABLE ONLY public.auth_group
    ADD CONSTRAINT auth_group_pkey PRIMARY KEY (id);


--
-- Name: auth_permission auth_permission_content_type_id_codename_01ab375a_uniq; Type: CONSTRAINT; Schema: public; Owner: theprepared
--

ALTER TABLE ONLY public.auth_permission
    ADD CONSTRAINT auth_permission_content_type_id_codename_01ab375a_uniq UNIQUE (content_type_id, codename);


--
-- Name: auth_permission auth_permission_pkey; Type: CONSTRAINT; Schema: public; Owner: theprepared
--

ALTER TABLE ONLY public.auth_permission
    ADD CONSTRAINT auth_permission_pkey PRIMARY KEY (id);


--
-- Name: auth_user_groups auth_user_groups_pkey; Type: CONSTRAINT; Schema: public; Owner: theprepared
--

ALTER TABLE ONLY public.auth_user_groups
    ADD CONSTRAINT auth_user_groups_pkey PRIMARY KEY (id);


--
-- Name: auth_user_groups auth_user_groups_user_id_group_id_94350c0c_uniq; Type: CONSTRAINT; Schema: public; Owner: theprepared
--

ALTER TABLE ONLY public.auth_user_groups
    ADD CONSTRAINT auth_user_groups_user_id_group_id_94350c0c_uniq UNIQUE (user_id, group_id);


--
-- Name: auth_user auth_user_pkey; Type: CONSTRAINT; Schema: public; Owner: theprepared
--

ALTER TABLE ONLY public.auth_user
    ADD CONSTRAINT auth_user_pkey PRIMARY KEY (id);


--
-- Name: auth_user_user_permissions auth_user_user_permissions_pkey; Type: CONSTRAINT; Schema: public; Owner: theprepared
--

ALTER TABLE ONLY public.auth_user_user_permissions
    ADD CONSTRAINT auth_user_user_permissions_pkey PRIMARY KEY (id);


--
-- Name: auth_user_user_permissions auth_user_user_permissions_user_id_permission_id_14a6b632_uniq; Type: CONSTRAINT; Schema: public; Owner: theprepared
--

ALTER TABLE ONLY public.auth_user_user_permissions
    ADD CONSTRAINT auth_user_user_permissions_user_id_permission_id_14a6b632_uniq UNIQUE (user_id, permission_id);


--
-- Name: auth_user auth_user_username_key; Type: CONSTRAINT; Schema: public; Owner: theprepared
--

ALTER TABLE ONLY public.auth_user
    ADD CONSTRAINT auth_user_username_key UNIQUE (username);


--
-- Name: django_admin_log django_admin_log_pkey; Type: CONSTRAINT; Schema: public; Owner: theprepared
--

ALTER TABLE ONLY public.django_admin_log
    ADD CONSTRAINT django_admin_log_pkey PRIMARY KEY (id);


--
-- Name: django_celery_beat_clockedschedule django_celery_beat_clockedschedule_pkey; Type: CONSTRAINT; Schema: public; Owner: theprepared
--

ALTER TABLE ONLY public.django_celery_beat_clockedschedule
    ADD CONSTRAINT django_celery_beat_clockedschedule_pkey PRIMARY KEY (id);


--
-- Name: django_celery_beat_crontabschedule django_celery_beat_crontabschedule_pkey; Type: CONSTRAINT; Schema: public; Owner: theprepared
--

ALTER TABLE ONLY public.django_celery_beat_crontabschedule
    ADD CONSTRAINT django_celery_beat_crontabschedule_pkey PRIMARY KEY (id);


--
-- Name: django_celery_beat_intervalschedule django_celery_beat_intervalschedule_pkey; Type: CONSTRAINT; Schema: public; Owner: theprepared
--

ALTER TABLE ONLY public.django_celery_beat_intervalschedule
    ADD CONSTRAINT django_celery_beat_intervalschedule_pkey PRIMARY KEY (id);


--
-- Name: django_celery_beat_periodictask django_celery_beat_periodictask_name_key; Type: CONSTRAINT; Schema: public; Owner: theprepared
--

ALTER TABLE ONLY public.django_celery_beat_periodictask
    ADD CONSTRAINT django_celery_beat_periodictask_name_key UNIQUE (name);


--
-- Name: django_celery_beat_periodictask django_celery_beat_periodictask_pkey; Type: CONSTRAINT; Schema: public; Owner: theprepared
--

ALTER TABLE ONLY public.django_celery_beat_periodictask
    ADD CONSTRAINT django_celery_beat_periodictask_pkey PRIMARY KEY (id);


--
-- Name: django_celery_beat_periodictasks django_celery_beat_periodictasks_pkey; Type: CONSTRAINT; Schema: public; Owner: theprepared
--

ALTER TABLE ONLY public.django_celery_beat_periodictasks
    ADD CONSTRAINT django_celery_beat_periodictasks_pkey PRIMARY KEY (ident);


--
-- Name: django_celery_beat_solarschedule django_celery_beat_solar_event_latitude_longitude_ba64999a_uniq; Type: CONSTRAINT; Schema: public; Owner: theprepared
--

ALTER TABLE ONLY public.django_celery_beat_solarschedule
    ADD CONSTRAINT django_celery_beat_solar_event_latitude_longitude_ba64999a_uniq UNIQUE (event, latitude, longitude);


--
-- Name: django_celery_beat_solarschedule django_celery_beat_solarschedule_pkey; Type: CONSTRAINT; Schema: public; Owner: theprepared
--

ALTER TABLE ONLY public.django_celery_beat_solarschedule
    ADD CONSTRAINT django_celery_beat_solarschedule_pkey PRIMARY KEY (id);


--
-- Name: django_content_type django_content_type_app_label_model_76bd3d3b_uniq; Type: CONSTRAINT; Schema: public; Owner: theprepared
--

ALTER TABLE ONLY public.django_content_type
    ADD CONSTRAINT django_content_type_app_label_model_76bd3d3b_uniq UNIQUE (app_label, model);


--
-- Name: django_content_type django_content_type_pkey; Type: CONSTRAINT; Schema: public; Owner: theprepared
--

ALTER TABLE ONLY public.django_content_type
    ADD CONSTRAINT django_content_type_pkey PRIMARY KEY (id);


--
-- Name: django_migrations django_migrations_pkey; Type: CONSTRAINT; Schema: public; Owner: theprepared
--

ALTER TABLE ONLY public.django_migrations
    ADD CONSTRAINT django_migrations_pkey PRIMARY KEY (id);


--
-- Name: django_session django_session_pkey; Type: CONSTRAINT; Schema: public; Owner: theprepared
--

ALTER TABLE ONLY public.django_session
    ADD CONSTRAINT django_session_pkey PRIMARY KEY (session_key);


--
-- Name: strategy_engine_historicalprice strategy_engine_historicalprice_pkey; Type: CONSTRAINT; Schema: public; Owner: theprepared
--

ALTER TABLE ONLY public.strategy_engine_historicalprice
    ADD CONSTRAINT strategy_engine_historicalprice_pkey PRIMARY KEY (id);


--
-- Name: strategy_engine_historicalprice strategy_engine_historicalprice_symbol_date_7171cea3_uniq; Type: CONSTRAINT; Schema: public; Owner: theprepared
--

ALTER TABLE ONLY public.strategy_engine_historicalprice
    ADD CONSTRAINT strategy_engine_historicalprice_symbol_date_7171cea3_uniq UNIQUE (symbol, date);


--
-- Name: trading_analyzedstock trading_analyzedstock_pkey; Type: CONSTRAINT; Schema: public; Owner: theprepared
--

ALTER TABLE ONLY public.trading_analyzedstock
    ADD CONSTRAINT trading_analyzedstock_pkey PRIMARY KEY (id);


--
-- Name: trading_analyzedstock trading_analyzedstock_symbol_key; Type: CONSTRAINT; Schema: public; Owner: theprepared
--

ALTER TABLE ONLY public.trading_analyzedstock
    ADD CONSTRAINT trading_analyzedstock_symbol_key UNIQUE (symbol);


--
-- Name: trading_historicalpricedata trading_historicalpricedata_pkey; Type: CONSTRAINT; Schema: public; Owner: theprepared
--

ALTER TABLE ONLY public.trading_historicalpricedata
    ADD CONSTRAINT trading_historicalpricedata_pkey PRIMARY KEY (id);


--
-- Name: trading_historicalpricedata trading_historicalpricedata_symbol_date_babe989e_uniq; Type: CONSTRAINT; Schema: public; Owner: theprepared
--

ALTER TABLE ONLY public.trading_historicalpricedata
    ADD CONSTRAINT trading_historicalpricedata_symbol_date_babe989e_uniq UNIQUE (symbol, date);


--
-- Name: trading_portfolio trading_portfolio_account_id_symbol_is_open_29e13139_uniq; Type: CONSTRAINT; Schema: public; Owner: theprepared
--

ALTER TABLE ONLY public.trading_portfolio
    ADD CONSTRAINT trading_portfolio_account_id_symbol_is_open_29e13139_uniq UNIQUE (account_id, symbol, is_open);


--
-- Name: trading_portfolio trading_portfolio_pkey; Type: CONSTRAINT; Schema: public; Owner: theprepared
--

ALTER TABLE ONLY public.trading_portfolio
    ADD CONSTRAINT trading_portfolio_pkey PRIMARY KEY (id);


--
-- Name: trading_strategysettings trading_strategysettings_pkey; Type: CONSTRAINT; Schema: public; Owner: theprepared
--

ALTER TABLE ONLY public.trading_strategysettings
    ADD CONSTRAINT trading_strategysettings_pkey PRIMARY KEY (id);


--
-- Name: trading_tradelog trading_tradelog_pkey; Type: CONSTRAINT; Schema: public; Owner: theprepared
--

ALTER TABLE ONLY public.trading_tradelog
    ADD CONSTRAINT trading_tradelog_pkey PRIMARY KEY (id);


--
-- Name: trading_tradingaccount trading_tradingaccount_account_number_key; Type: CONSTRAINT; Schema: public; Owner: theprepared
--

ALTER TABLE ONLY public.trading_tradingaccount
    ADD CONSTRAINT trading_tradingaccount_account_number_key UNIQUE (account_number);


--
-- Name: trading_tradingaccount trading_tradingaccount_pkey; Type: CONSTRAINT; Schema: public; Owner: theprepared
--

ALTER TABLE ONLY public.trading_tradingaccount
    ADD CONSTRAINT trading_tradingaccount_pkey PRIMARY KEY (id);


--
-- Name: auth_group_name_a6ea08ec_like; Type: INDEX; Schema: public; Owner: theprepared
--

CREATE INDEX auth_group_name_a6ea08ec_like ON public.auth_group USING btree (name varchar_pattern_ops);


--
-- Name: auth_group_permissions_group_id_b120cbf9; Type: INDEX; Schema: public; Owner: theprepared
--

CREATE INDEX auth_group_permissions_group_id_b120cbf9 ON public.auth_group_permissions USING btree (group_id);


--
-- Name: auth_group_permissions_permission_id_84c5c92e; Type: INDEX; Schema: public; Owner: theprepared
--

CREATE INDEX auth_group_permissions_permission_id_84c5c92e ON public.auth_group_permissions USING btree (permission_id);


--
-- Name: auth_permission_content_type_id_2f476e4b; Type: INDEX; Schema: public; Owner: theprepared
--

CREATE INDEX auth_permission_content_type_id_2f476e4b ON public.auth_permission USING btree (content_type_id);


--
-- Name: auth_user_groups_group_id_97559544; Type: INDEX; Schema: public; Owner: theprepared
--

CREATE INDEX auth_user_groups_group_id_97559544 ON public.auth_user_groups USING btree (group_id);


--
-- Name: auth_user_groups_user_id_6a12ed8b; Type: INDEX; Schema: public; Owner: theprepared
--

CREATE INDEX auth_user_groups_user_id_6a12ed8b ON public.auth_user_groups USING btree (user_id);


--
-- Name: auth_user_user_permissions_permission_id_1fbb5f2c; Type: INDEX; Schema: public; Owner: theprepared
--

CREATE INDEX auth_user_user_permissions_permission_id_1fbb5f2c ON public.auth_user_user_permissions USING btree (permission_id);


--
-- Name: auth_user_user_permissions_user_id_a95ead1b; Type: INDEX; Schema: public; Owner: theprepared
--

CREATE INDEX auth_user_user_permissions_user_id_a95ead1b ON public.auth_user_user_permissions USING btree (user_id);


--
-- Name: auth_user_username_6821ab7c_like; Type: INDEX; Schema: public; Owner: theprepared
--

CREATE INDEX auth_user_username_6821ab7c_like ON public.auth_user USING btree (username varchar_pattern_ops);


--
-- Name: django_admin_log_content_type_id_c4bce8eb; Type: INDEX; Schema: public; Owner: theprepared
--

CREATE INDEX django_admin_log_content_type_id_c4bce8eb ON public.django_admin_log USING btree (content_type_id);


--
-- Name: django_admin_log_user_id_c564eba6; Type: INDEX; Schema: public; Owner: theprepared
--

CREATE INDEX django_admin_log_user_id_c564eba6 ON public.django_admin_log USING btree (user_id);


--
-- Name: django_celery_beat_periodictask_clocked_id_47a69f82; Type: INDEX; Schema: public; Owner: theprepared
--

CREATE INDEX django_celery_beat_periodictask_clocked_id_47a69f82 ON public.django_celery_beat_periodictask USING btree (clocked_id);


--
-- Name: django_celery_beat_periodictask_crontab_id_d3cba168; Type: INDEX; Schema: public; Owner: theprepared
--

CREATE INDEX django_celery_beat_periodictask_crontab_id_d3cba168 ON public.django_celery_beat_periodictask USING btree (crontab_id);


--
-- Name: django_celery_beat_periodictask_interval_id_a8ca27da; Type: INDEX; Schema: public; Owner: theprepared
--

CREATE INDEX django_celery_beat_periodictask_interval_id_a8ca27da ON public.django_celery_beat_periodictask USING btree (interval_id);


--
-- Name: django_celery_beat_periodictask_name_265a36b7_like; Type: INDEX; Schema: public; Owner: theprepared
--

CREATE INDEX django_celery_beat_periodictask_name_265a36b7_like ON public.django_celery_beat_periodictask USING btree (name varchar_pattern_ops);


--
-- Name: django_celery_beat_periodictask_solar_id_a87ce72c; Type: INDEX; Schema: public; Owner: theprepared
--

CREATE INDEX django_celery_beat_periodictask_solar_id_a87ce72c ON public.django_celery_beat_periodictask USING btree (solar_id);


--
-- Name: django_session_expire_date_a5c62663; Type: INDEX; Schema: public; Owner: theprepared
--

CREATE INDEX django_session_expire_date_a5c62663 ON public.django_session USING btree (expire_date);


--
-- Name: django_session_session_key_c0390e0f_like; Type: INDEX; Schema: public; Owner: theprepared
--

CREATE INDEX django_session_session_key_c0390e0f_like ON public.django_session USING btree (session_key varchar_pattern_ops);


--
-- Name: strategy_engine_historicalprice_date_a5bc2cc3; Type: INDEX; Schema: public; Owner: theprepared
--

CREATE INDEX strategy_engine_historicalprice_date_a5bc2cc3 ON public.strategy_engine_historicalprice USING btree (date);


--
-- Name: strategy_engine_historicalprice_symbol_ae8e5bf7; Type: INDEX; Schema: public; Owner: theprepared
--

CREATE INDEX strategy_engine_historicalprice_symbol_ae8e5bf7 ON public.strategy_engine_historicalprice USING btree (symbol);


--
-- Name: strategy_engine_historicalprice_symbol_ae8e5bf7_like; Type: INDEX; Schema: public; Owner: theprepared
--

CREATE INDEX strategy_engine_historicalprice_symbol_ae8e5bf7_like ON public.strategy_engine_historicalprice USING btree (symbol varchar_pattern_ops);


--
-- Name: trading_analyzedstock_symbol_7c2052f0_like; Type: INDEX; Schema: public; Owner: theprepared
--

CREATE INDEX trading_analyzedstock_symbol_7c2052f0_like ON public.trading_analyzedstock USING btree (symbol varchar_pattern_ops);


--
-- Name: trading_historicalpricedata_date_594c09c9; Type: INDEX; Schema: public; Owner: theprepared
--

CREATE INDEX trading_historicalpricedata_date_594c09c9 ON public.trading_historicalpricedata USING btree (date);


--
-- Name: trading_historicalpricedata_symbol_68bf248b; Type: INDEX; Schema: public; Owner: theprepared
--

CREATE INDEX trading_historicalpricedata_symbol_68bf248b ON public.trading_historicalpricedata USING btree (symbol);


--
-- Name: trading_historicalpricedata_symbol_68bf248b_like; Type: INDEX; Schema: public; Owner: theprepared
--

CREATE INDEX trading_historicalpricedata_symbol_68bf248b_like ON public.trading_historicalpricedata USING btree (symbol varchar_pattern_ops);


--
-- Name: trading_portfolio_account_id_095721ca; Type: INDEX; Schema: public; Owner: theprepared
--

CREATE INDEX trading_portfolio_account_id_095721ca ON public.trading_portfolio USING btree (account_id);


--
-- Name: trading_portfolio_entry_log_id_0ff82c30; Type: INDEX; Schema: public; Owner: theprepared
--

CREATE INDEX trading_portfolio_entry_log_id_0ff82c30 ON public.trading_portfolio USING btree (entry_log_id);


--
-- Name: trading_tradelog_account_id_b8ada039; Type: INDEX; Schema: public; Owner: theprepared
--

CREATE INDEX trading_tradelog_account_id_b8ada039 ON public.trading_tradelog USING btree (account_id);


--
-- Name: trading_tradingaccount_account_number_c9a77797_like; Type: INDEX; Schema: public; Owner: theprepared
--

CREATE INDEX trading_tradingaccount_account_number_c9a77797_like ON public.trading_tradingaccount USING btree (account_number varchar_pattern_ops);


--
-- Name: trading_tradingaccount_user_id_c868f1fc; Type: INDEX; Schema: public; Owner: theprepared
--

CREATE INDEX trading_tradingaccount_user_id_c868f1fc ON public.trading_tradingaccount USING btree (user_id);


--
-- Name: auth_group_permissions auth_group_permissio_permission_id_84c5c92e_fk_auth_perm; Type: FK CONSTRAINT; Schema: public; Owner: theprepared
--

ALTER TABLE ONLY public.auth_group_permissions
    ADD CONSTRAINT auth_group_permissio_permission_id_84c5c92e_fk_auth_perm FOREIGN KEY (permission_id) REFERENCES public.auth_permission(id) DEFERRABLE INITIALLY DEFERRED;


--
-- Name: auth_group_permissions auth_group_permissions_group_id_b120cbf9_fk_auth_group_id; Type: FK CONSTRAINT; Schema: public; Owner: theprepared
--

ALTER TABLE ONLY public.auth_group_permissions
    ADD CONSTRAINT auth_group_permissions_group_id_b120cbf9_fk_auth_group_id FOREIGN KEY (group_id) REFERENCES public.auth_group(id) DEFERRABLE INITIALLY DEFERRED;


--
-- Name: auth_permission auth_permission_content_type_id_2f476e4b_fk_django_co; Type: FK CONSTRAINT; Schema: public; Owner: theprepared
--

ALTER TABLE ONLY public.auth_permission
    ADD CONSTRAINT auth_permission_content_type_id_2f476e4b_fk_django_co FOREIGN KEY (content_type_id) REFERENCES public.django_content_type(id) DEFERRABLE INITIALLY DEFERRED;


--
-- Name: auth_user_groups auth_user_groups_group_id_97559544_fk_auth_group_id; Type: FK CONSTRAINT; Schema: public; Owner: theprepared
--

ALTER TABLE ONLY public.auth_user_groups
    ADD CONSTRAINT auth_user_groups_group_id_97559544_fk_auth_group_id FOREIGN KEY (group_id) REFERENCES public.auth_group(id) DEFERRABLE INITIALLY DEFERRED;


--
-- Name: auth_user_groups auth_user_groups_user_id_6a12ed8b_fk_auth_user_id; Type: FK CONSTRAINT; Schema: public; Owner: theprepared
--

ALTER TABLE ONLY public.auth_user_groups
    ADD CONSTRAINT auth_user_groups_user_id_6a12ed8b_fk_auth_user_id FOREIGN KEY (user_id) REFERENCES public.auth_user(id) DEFERRABLE INITIALLY DEFERRED;


--
-- Name: auth_user_user_permissions auth_user_user_permi_permission_id_1fbb5f2c_fk_auth_perm; Type: FK CONSTRAINT; Schema: public; Owner: theprepared
--

ALTER TABLE ONLY public.auth_user_user_permissions
    ADD CONSTRAINT auth_user_user_permi_permission_id_1fbb5f2c_fk_auth_perm FOREIGN KEY (permission_id) REFERENCES public.auth_permission(id) DEFERRABLE INITIALLY DEFERRED;


--
-- Name: auth_user_user_permissions auth_user_user_permissions_user_id_a95ead1b_fk_auth_user_id; Type: FK CONSTRAINT; Schema: public; Owner: theprepared
--

ALTER TABLE ONLY public.auth_user_user_permissions
    ADD CONSTRAINT auth_user_user_permissions_user_id_a95ead1b_fk_auth_user_id FOREIGN KEY (user_id) REFERENCES public.auth_user(id) DEFERRABLE INITIALLY DEFERRED;


--
-- Name: django_admin_log django_admin_log_content_type_id_c4bce8eb_fk_django_co; Type: FK CONSTRAINT; Schema: public; Owner: theprepared
--

ALTER TABLE ONLY public.django_admin_log
    ADD CONSTRAINT django_admin_log_content_type_id_c4bce8eb_fk_django_co FOREIGN KEY (content_type_id) REFERENCES public.django_content_type(id) DEFERRABLE INITIALLY DEFERRED;


--
-- Name: django_admin_log django_admin_log_user_id_c564eba6_fk_auth_user_id; Type: FK CONSTRAINT; Schema: public; Owner: theprepared
--

ALTER TABLE ONLY public.django_admin_log
    ADD CONSTRAINT django_admin_log_user_id_c564eba6_fk_auth_user_id FOREIGN KEY (user_id) REFERENCES public.auth_user(id) DEFERRABLE INITIALLY DEFERRED;


--
-- Name: django_celery_beat_periodictask django_celery_beat_p_clocked_id_47a69f82_fk_django_ce; Type: FK CONSTRAINT; Schema: public; Owner: theprepared
--

ALTER TABLE ONLY public.django_celery_beat_periodictask
    ADD CONSTRAINT django_celery_beat_p_clocked_id_47a69f82_fk_django_ce FOREIGN KEY (clocked_id) REFERENCES public.django_celery_beat_clockedschedule(id) DEFERRABLE INITIALLY DEFERRED;


--
-- Name: django_celery_beat_periodictask django_celery_beat_p_crontab_id_d3cba168_fk_django_ce; Type: FK CONSTRAINT; Schema: public; Owner: theprepared
--

ALTER TABLE ONLY public.django_celery_beat_periodictask
    ADD CONSTRAINT django_celery_beat_p_crontab_id_d3cba168_fk_django_ce FOREIGN KEY (crontab_id) REFERENCES public.django_celery_beat_crontabschedule(id) DEFERRABLE INITIALLY DEFERRED;


--
-- Name: django_celery_beat_periodictask django_celery_beat_p_interval_id_a8ca27da_fk_django_ce; Type: FK CONSTRAINT; Schema: public; Owner: theprepared
--

ALTER TABLE ONLY public.django_celery_beat_periodictask
    ADD CONSTRAINT django_celery_beat_p_interval_id_a8ca27da_fk_django_ce FOREIGN KEY (interval_id) REFERENCES public.django_celery_beat_intervalschedule(id) DEFERRABLE INITIALLY DEFERRED;


--
-- Name: django_celery_beat_periodictask django_celery_beat_p_solar_id_a87ce72c_fk_django_ce; Type: FK CONSTRAINT; Schema: public; Owner: theprepared
--

ALTER TABLE ONLY public.django_celery_beat_periodictask
    ADD CONSTRAINT django_celery_beat_p_solar_id_a87ce72c_fk_django_ce FOREIGN KEY (solar_id) REFERENCES public.django_celery_beat_solarschedule(id) DEFERRABLE INITIALLY DEFERRED;


--
-- Name: trading_portfolio trading_portfolio_account_id_095721ca_fk_trading_t; Type: FK CONSTRAINT; Schema: public; Owner: theprepared
--

ALTER TABLE ONLY public.trading_portfolio
    ADD CONSTRAINT trading_portfolio_account_id_095721ca_fk_trading_t FOREIGN KEY (account_id) REFERENCES public.trading_tradingaccount(id) DEFERRABLE INITIALLY DEFERRED;


--
-- Name: trading_portfolio trading_portfolio_entry_log_id_0ff82c30_fk_trading_tradelog_id; Type: FK CONSTRAINT; Schema: public; Owner: theprepared
--

ALTER TABLE ONLY public.trading_portfolio
    ADD CONSTRAINT trading_portfolio_entry_log_id_0ff82c30_fk_trading_tradelog_id FOREIGN KEY (entry_log_id) REFERENCES public.trading_tradelog(id) DEFERRABLE INITIALLY DEFERRED;


--
-- Name: trading_tradelog trading_tradelog_account_id_b8ada039_fk_trading_t; Type: FK CONSTRAINT; Schema: public; Owner: theprepared
--

ALTER TABLE ONLY public.trading_tradelog
    ADD CONSTRAINT trading_tradelog_account_id_b8ada039_fk_trading_t FOREIGN KEY (account_id) REFERENCES public.trading_tradingaccount(id) DEFERRABLE INITIALLY DEFERRED;


--
-- Name: trading_tradingaccount trading_tradingaccount_user_id_c868f1fc_fk_auth_user_id; Type: FK CONSTRAINT; Schema: public; Owner: theprepared
--

ALTER TABLE ONLY public.trading_tradingaccount
    ADD CONSTRAINT trading_tradingaccount_user_id_c868f1fc_fk_auth_user_id FOREIGN KEY (user_id) REFERENCES public.auth_user(id) DEFERRABLE INITIALLY DEFERRED;


--
-- PostgreSQL database dump complete
--

\unrestrict jR85N1oeDsCi5Ni7hKDeZ5b9Auj5RwttHx39mOji2Dt1k7LFvfRT2NZBIXdd80b

